F1,F2,F3,F4,F5,F6,F7_A,F7_B,F7_C,F8_X,F8_Y,F8_Z,Y
3.4426332381996123,-1.3138106803795342,-1.0245289129130064,-1.0181176115186856,-2.0028137385258296,2.0650242577008555,1.0,0.0,0.0,1.0,0.0,0.0,0
-0.7680761786035935,-0.12521387539045814,0.9080628435179854,0.5312232285925814,-0.7598679253449151,0.0800826246230855,0.0,1.0,0.0,0.0,1.0,0.0,0
4.506274363144721,-1.1129098284538748,-1.2026965859010301,0.11379956534029644,0.9832399694454041,-2.1250101249030164,1.0,0.0,0.0,1.0,0.0,0.0,0
2.4801998005855777,-1.043019869527273,-0.2863661358651756,0.184366707175664,-0.6289453549327747,0.6088905165770311,0.0,0.0,1.0,0.0,1.0,0.0,0
-5.099717850145947,0.3968484390906305,-0.5860516399755586,1.950943482686692,-0.8288751628002715,-0.9040891661490803,0.0,0.0,1.0,1.0,0.0,0.0,0
5.976846743140535,-0.3212178252893002,0.16432065938191598,-1.2690896148598123,1.3095256365144003,-0.66334944166446,0.0,1.0,0.0,1.0,0.0,0.0,0
3.281578277334083,1.2655573504649853,-0.640490071855426,-0.027433354183723595,1.340254400951829,0.6265763897910038,0.0,0.0,1.0,1.0,0.0,0.0,1
3.594790079649384,-0.5425305161757898,-0.27089362707093734,0.3044355228138156,0.5169904721611418,0.2545541255127244,0.0,0.0,1.0,0.0,1.0,0.0,0
-4.673261918226801,0.6785403851517033,-0.23613009177798555,-0.7362731165383355,-0.4551173340386673,-0.4881087753386017,1.0,0.0,0.0,0.0,1.0,0.0,1
-0.6234686920881362,-0.11670170953527714,-0.734387757391301,0.028326745082940964,-0.23947106511632352,-0.6496056326016644,1.0,0.0,0.0,0.0,1.0,0.0,0
-1.623599911600837,0.4798539033878364,0.48509386849711267,-1.599949334084345,-0.804149961574959,0.12583605522083274,0.0,1.0,0.0,1.0,0.0,0.0,0
5.3628870151043895,0.2990860701479712,0.23838837483742528,1.4099062172750279,-0.9947731190286448,-0.4094655525123675,1.0,0.0,0.0,0.0,0.0,1.0,0
1.8078624174129165,-0.08164808172300542,-0.0886139452531673,-0.6816145525304338,-1.0444164883084324,-1.1092371336030074,1.0,0.0,0.0,0.0,1.0,0.0,1
4.055942052449717,1.3501832838733114,-0.4304583334619581,2.031400164778503,-0.6180544067852075,-0.33256318147836006,1.0,0.0,0.0,0.0,1.0,0.0,1
-0.7110781490461969,-0.4718590717351324,0.796544030519997,-0.03247432391745505,-1.034720990684745,0.33959262325518413,0.0,0.0,1.0,0.0,1.0,0.0,1
-3.4276193112988262,-0.9682934962521823,-0.23583424381418136,1.0280535653991831,-1.563705118543149,-0.17810346681963335,0.0,1.0,0.0,0.0,0.0,1.0,0
0.6859326635468406,0.5342821826394848,-0.3066972878259372,-0.05330286899115438,0.21940266975390574,-1.4135085982481852,0.0,0.0,1.0,0.0,0.0,1.0,1
-5.481234015383044,1.0380226839237263,0.10469002988812601,-0.03074383226052982,0.23459558089343707,0.9890646213755394,1.0,0.0,0.0,0.0,1.0,0.0,1
4.117134732075639,-1.3792387801802288,1.6965866829708507,-0.5840293332220078,1.7007927584283167,-2.7388114369433336,1.0,0.0,0.0,0.0,1.0,0.0,0
1.6545436360847734,-0.15110193473195832,-1.340356208021204,0.11912392936627762,-0.6683383683547026,-0.4463651550284352,0.0,0.0,1.0,1.0,0.0,0.0,1
3.2432261929352095,1.1774630690619787,0.7698568930553547,0.31799869441404743,0.29610058962327057,-0.6201984545539159,1.0,0.0,0.0,0.0,1.0,0.0,1
-1.8280805992451719,0.7488558567686026,-1.893171161238105,-0.7842585089151799,0.31271257927480167,0.14817887787141484,1.0,0.0,0.0,0.0,1.0,0.0,0
5.91496582199303,1.4754231494928847,0.21727315822862395,-0.1250444158598842,-0.2538375611255331,0.5616618078027354,1.0,0.0,0.0,1.0,0.0,0.0,1
4.940105706867192,0.0942414347917313,1.5750828276087308,-0.6100988660571137,0.7443335887496761,1.1267648082610353,0.0,1.0,0.0,0.0,0.0,1.0,0
3.498270197150264,0.4799871564034538,0.48866852446730713,2.2996640696148387,0.7752291868507144,-0.7124048733521602,1.0,0.0,0.0,0.0,0.0,1.0,1
-3.837283168411781,-0.5925591565862156,0.1706250785397928,-0.08973076991161853,0.32741109519753997,0.5865823373334818,1.0,0.0,0.0,1.0,0.0,0.0,0
-0.4181962008399661,1.342606798997977,-0.5604494688030756,1.5452321516965593,-0.25563970504779554,0.1958183878814611,1.0,0.0,0.0,0.0,0.0,1.0,1
-5.732730951992683,-0.4009935343303911,0.03104720048855424,-0.19562233080768832,-0.35753010855453504,-1.7115393751832233,1.0,0.0,0.0,0.0,1.0,0.0,1
-4.34432636795755,0.7155321380598858,-0.2520628154033563,0.25928764153490796,-1.3677538987970592,1.9005402554341098,1.0,0.0,0.0,0.0,1.0,0.0,1
2.300260987015188,-0.29057938764275426,-0.7859766079313554,-1.3213640716452693,-0.8059177786176916,-1.4387751272401994,0.0,1.0,0.0,0.0,0.0,1.0,1
3.0757719635071914,0.18545679018899797,-0.28987561547486984,-0.44707259186786463,-0.6220075239016879,0.41949727230971495,1.0,0.0,0.0,0.0,1.0,0.0,0
5.874900563588176,0.6593476050646386,0.19838116062643954,0.21053467078924676,-1.123971762429434,0.3899599441977477,1.0,0.0,0.0,0.0,1.0,0.0,0
-2.18874310125926,0.026802455254062774,-0.7672170685306403,1.5860038309598667,0.43992396668766426,0.2756367823290771,0.0,1.0,0.0,0.0,1.0,0.0,0
-1.6278513434588724,1.2212589807285257,-0.8062818206846841,0.22198277767627117,1.19662786898701,-0.4945768821616075,0.0,1.0,0.0,1.0,0.0,0.0,1
-0.3825729585616922,-0.2420970362165693,-1.3602434375921744,1.3837203611929991,-0.9080624323291501,0.8272526511405023,1.0,0.0,0.0,0.0,1.0,0.0,0
-3.9022179881201238,0.4412153944299755,0.3907250260888961,0.6407291102029202,0.28344143574463715,-1.5603674739430955,1.0,0.0,0.0,0.0,1.0,0.0,1
-4.650543520358607,-0.47291270009983766,0.5453232619670604,1.6274013394646858,-1.0341111395297102,-0.06582878867392292,1.0,0.0,0.0,0.0,1.0,0.0,1
-0.30530090114811437,-0.2755299953069609,0.23166044423651747,-0.059042217305055426,-0.30492217093916213,-0.5638746765524585,0.0,0.0,1.0,1.0,0.0,0.0,0
-3.431758331143188,-0.17984967529934281,0.9651704927286658,2.390222710651804,-0.6903295791777758,-0.6772979420670315,1.0,0.0,0.0,1.0,0.0,0.0,0
2.133945592685243,-1.1225789450631443,0.08786763708072752,-0.485396202914123,0.6018956486064415,0.42874778745354575,1.0,0.0,0.0,0.0,0.0,1.0,0
-0.7897722798516044,-1.22482896282298,0.3920109373657567,-0.766461834197669,-0.6787881738421783,1.0774785427196831,0.0,1.0,0.0,1.0,0.0,0.0,0
4.180557506979228,0.5024697694402738,0.30383742563756283,-1.2100528496890341,1.0116604137066467,-0.34325576183686607,1.0,0.0,0.0,0.0,1.0,0.0,0
2.5166054928827055,0.4665532150291568,-0.09154001941820787,2.3310246715580702,-0.24572077366219902,0.7806810899257774,1.0,0.0,0.0,0.0,0.0,1.0,1
-2.3578703240102357,0.4887291426302858,-0.5308218281296473,0.8194475726178976,-0.6496037095948308,0.04974066544459848,1.0,0.0,0.0,0.0,0.0,1.0,0
4.175299804585469,-1.440700663971925,2.214152615791911,-0.33412073338030845,-1.253305262345163,-0.8927322092380086,0.0,1.0,0.0,1.0,0.0,0.0,0
3.8297818663518646,-0.5203594719846603,-0.4519509798535085,1.249022696873495,0.2532045102953498,-0.25795209324106383,0.0,1.0,0.0,0.0,0.0,1.0,0
-1.4139883912352766,-0.9065704582224092,-0.6658777111204364,0.687692185117782,0.8952184022261802,-0.2994858907916149,0.0,1.0,0.0,0.0,0.0,1.0,0
-2.6599474946566692,0.8344542676320371,0.43400982345010697,1.9661274713755903,0.2733212565368742,-0.6966599125054466,0.0,0.0,1.0,0.0,1.0,0.0,1
2.2933061384037994,1.0818912041883904,0.25185441529500513,-1.5478328327399113,2.238831666414424,0.42848292865583376,1.0,0.0,0.0,0.0,0.0,1.0,1
-4.527003803867844,-0.759958868321558,-1.4047915476103274,-0.26536010831425455,1.4297874524704182,0.23464618770475926,0.0,0.0,1.0,0.0,0.0,1.0,0
-3.7710647460270215,0.503547476543959,1.1226782545637386,-0.46252138394282544,-0.3075277647170156,-1.590649698269418,0.0,1.0,0.0,0.0,1.0,0.0,0
-6.1906682969255655,-1.1119115896251768,-0.09419457535083331,-1.9736826764086015,-0.31802743380706927,-1.6515259952393577,0.0,0.0,1.0,0.0,1.0,0.0,0
3.60559806598617,-0.67454242319486,-1.1109310952157205,1.060327204779694,0.4696967194853532,0.4246844532057544,0.0,1.0,0.0,0.0,0.0,1.0,0
2.071576960030051,-1.0840365112997414,1.188784114353874,-0.2703965558033584,-0.8380191804256851,-0.8152864287945346,1.0,0.0,0.0,0.0,0.0,1.0,1
2.5781841850538507,-0.6494377002023124,0.625675571596154,0.7396312049865622,1.1662883065324867,0.302041155100324,1.0,0.0,0.0,0.0,1.0,0.0,0
3.5277450460319817,0.5242096420478337,-1.2645419919479142,2.3597719343296117,0.3616005218435837,0.7809315781091883,0.0,1.0,0.0,0.0,0.0,1.0,0
-0.5162795909887411,1.2309807305557574,1.7771828402577243,-0.3532436918276083,0.2564589108585328,-1.2709528374055592,1.0,0.0,0.0,0.0,0.0,1.0,1
0.8638273448183496,-0.8924327762274421,0.6587973683661927,-0.4211529826571552,0.6869536677708163,-1.411537254576185,0.0,1.0,0.0,0.0,0.0,1.0,1
-4.526444417932567,0.12623710485215756,-0.010196115625046132,0.11866416972399602,1.722829883369059,1.6744316823952952,1.0,0.0,0.0,0.0,0.0,1.0,1
-4.843957956636735,0.6041733037302969,1.5902188056217794,0.9872473529834096,0.17095535218750518,0.351570782962459,1.0,0.0,0.0,1.0,0.0,0.0,1
2.1162140304148336,1.3587674054566972,0.15929778382964058,-0.5667130253101499,-0.11304037087138435,-0.41924065667327093,0.0,0.0,1.0,1.0,0.0,0.0,1
-0.36321578576643465,0.33018144866152155,-0.02808307510403198,-0.6309615971321306,1.5087196233225784,-0.9339404526462636,0.0,1.0,0.0,0.0,1.0,0.0,0
0.8197810914804172,-0.7346792069178579,-0.660300116021989,1.0571892702413659,0.9675504159911353,-0.5104408489072796,0.0,1.0,0.0,0.0,1.0,0.0,1
3.3300738546715003,0.3764344707418088,0.5818504393070786,0.37863932383803556,-0.3209798403837223,-1.1905723361133103,1.0,0.0,0.0,0.0,1.0,0.0,0
1.6929203376712598,-0.5385265149659515,0.4766029673239799,-2.0447282630048207,0.005186448659020086,0.8834121740905903,0.0,1.0,0.0,0.0,0.0,1.0,1
0.6732986059636152,1.4283851720751233,0.014680139889711287,-1.2253917994691081,0.19538091593879858,-0.7767511536063209,0.0,0.0,1.0,0.0,0.0,1.0,1
0.7440191249508047,-0.3009715945090894,-0.789986353867603,1.5012358638272103,0.36181294460498287,1.093534588216267,0.0,1.0,0.0,0.0,1.0,0.0,1
-2.4636357266539877,0.5562831622830426,0.12992985416607386,0.4019282830788125,-1.356599850939114,-0.40062891977001125,0.0,1.0,0.0,0.0,0.0,1.0,0
-5.89591697646685,-1.4303172529597246,-0.06979878576213788,-0.762195931037249,-1.5424846078015602,-1.0433501836173147,0.0,1.0,0.0,1.0,0.0,0.0,0
-0.795232740350371,-0.2998156615957339,-1.333474318734201,-0.17040965723498214,-0.8873900220024538,-0.4263015880138014,1.0,0.0,0.0,0.0,1.0,0.0,0
-3.586634780368377,1.1253228399675348,-1.4718123513241856,0.013236672801670204,-0.9647384430113423,-2.624166777501417,0.0,1.0,0.0,1.0,0.0,0.0,1
-1.1494629635543108,0.3306823332997375,0.5651533788097695,0.7357333602801638,-0.6438240139725026,-0.12076857667400692,0.0,0.0,1.0,0.0,1.0,0.0,1
4.440993994941304,-0.16817134081207097,-2.601888315051689,-1.3582633948587894,0.6347106420900043,-0.17011919113015858,0.0,1.0,0.0,0.0,1.0,0.0,0
-3.343415026463075,1.3078124983071777,0.20541052696125997,-0.8409491386704581,-0.16892915632473834,0.8247427465479676,1.0,0.0,0.0,0.0,0.0,1.0,1
-5.550531447281534,1.0619531284416874,-0.4780830577538245,0.27295575486338886,0.19639460501018827,-1.8863049279833795,0.0,1.0,0.0,0.0,1.0,0.0,1
-2.7472110351203547,-0.5333529785311852,1.3082466068799101,-0.09983458049545033,-1.2243034100422616,1.1618663608635478,0.0,1.0,0.0,0.0,1.0,0.0,0
-2.593777337021048,0.13364520612401876,-0.49346820915387574,0.5718591826367099,-0.46164220292094515,0.820599294997656,0.0,0.0,1.0,1.0,0.0,0.0,0
2.0347029326435084,-0.030527231722611847,0.659484214251896,-1.2295073973595978,0.5872576617448404,1.2520435636986627,0.0,1.0,0.0,1.0,0.0,0.0,1
0.7166871632550958,0.396607500344587,-0.3969138412377916,0.3571286762713211,0.5949524581768018,-0.05272137600413741,1.0,0.0,0.0,0.0,0.0,1.0,1
3.5675701123840304,-0.4976661991237332,0.11374815348614345,1.0915836193774722,-0.7245738281879079,1.0138968341027554,1.0,0.0,0.0,0.0,0.0,1.0,0
2.0648248447114037,-0.7673849977023353,0.7368365309200512,0.4868185471492834,0.1616623863795536,-1.4712440349069051,0.0,1.0,0.0,0.0,1.0,0.0,1
-1.1763773935174313,1.2380155057666082,-0.46255571632458015,0.13911173976159188,2.198847853482332,0.713047565204533,1.0,0.0,0.0,1.0,0.0,0.0,1
3.9460965341770216,1.271623498495519,0.996554884498404,-0.09588360256597088,-0.017597929255638137,-0.7711627620999453,0.0,1.0,0.0,0.0,1.0,0.0,1
-4.184941713057668,1.029968657285937,-0.9936978771064832,-0.8348511527715018,-0.6931869461424454,-1.6514018324229363,0.0,0.0,1.0,0.0,1.0,0.0,1
-5.997776978759066,1.434613292293684,0.2945928425583791,-0.07199859243978847,-0.17376238936216024,-1.1241405181643607,0.0,1.0,0.0,0.0,1.0,0.0,1
-5.1516105156426555,0.7349745773390656,0.9226397227878528,1.259705852880406,0.09217710752683304,0.005531138629270573,1.0,0.0,0.0,1.0,0.0,0.0,1
2.7942500091632216,0.7940016856859989,0.6600374917903349,-0.11902850660012523,-0.1511683806905494,-0.8242992082176034,0.0,1.0,0.0,0.0,1.0,0.0,1
-0.4790648535069464,0.7877702758879221,1.9164448767354103,-0.8898039893484101,-0.03135470067650179,0.37607353169579993,0.0,1.0,0.0,1.0,0.0,0.0,1
-4.256584362206307,-0.058177107173080445,-0.7634393173106605,-0.4922470887653863,-1.4434467969368396,-1.8082375550040173,1.0,0.0,0.0,0.0,1.0,0.0,0
0.013129031157521627,-0.13064341645718502,-1.379149251348588,0.20085029727593015,-0.9626304750859512,-2.1270975436158617,0.0,1.0,0.0,1.0,0.0,0.0,0
-4.3691749754335705,-0.7793211715529905,-0.9943351084951194,-0.37351399718084694,-0.14933523707149754,1.372387434143576,0.0,1.0,0.0,0.0,1.0,0.0,0
2.467034592376833,0.4344575830778714,0.660442566548437,0.4853032830631407,-0.1652679700224367,0.9038001294014344,0.0,0.0,1.0,0.0,1.0,0.0,1
-0.6766201963941538,-0.6320395916929964,0.4979229342693786,0.5228437607490304,-0.5661892748600006,-1.0492968359138075,1.0,0.0,0.0,1.0,0.0,0.0,0
-1.4951313681136464,-0.7265747708929368,0.10225665964741577,0.8889831804046482,-0.17701358607643694,-0.002999643470539514,1.0,0.0,0.0,0.0,1.0,0.0,0
-2.4942726502376673,0.25788412228816426,-1.12295704910713,1.4235594722650329,0.06101485541420536,1.0195070602013239,0.0,1.0,0.0,0.0,1.0,0.0,0
1.6371793497317124,-0.27005283532487045,0.7668672933290608,0.9958587243723608,0.8894134565245253,0.41920060829060546,1.0,0.0,0.0,0.0,0.0,1.0,1
-1.7365139500168814,-0.8434301736161034,-1.2247047776505404,-0.9342390641479599,-0.09921173522605088,0.1482230961834784,0.0,1.0,0.0,0.0,0.0,1.0,0
-5.181743936734782,0.9481680502584934,1.1589495823768998,-0.9035344465762722,0.3991032052982532,1.095154081312597,0.0,0.0,1.0,1.0,0.0,0.0,1
-4.800279406451398,1.0817097578831278,2.857438423139865,-0.07577147645982442,-0.541600301433921,-0.7307124752012204,1.0,0.0,0.0,0.0,0.0,1.0,1
5.80437723863615,-0.9969014409666571,0.3664511465715505,-0.4511753572394145,0.5720957235984819,0.0311784486646287,0.0,1.0,0.0,0.0,0.0,1.0,0
5.134376385302647,-1.4774789016000005,0.5831081356577431,-1.1383267269609427,0.3757302976123567,-0.017848638292391635,0.0,0.0,1.0,0.0,1.0,0.0,0
2.5095938577972983,-0.49161009441187886,-0.4928597688955594,-0.44169179417299426,0.8658170031798195,-0.27276204767104256,0.0,1.0,0.0,0.0,1.0,0.0,0
-2.9421648362538737,0.8925325070422576,-1.8102133210868163,-0.474512933619039,0.7134604624444878,-0.3898055114207521,0.0,1.0,0.0,0.0,1.0,0.0,1
5.895844241253928,1.0175215987029733,-0.6027193630302223,-0.6718477397612058,0.5887356228811461,0.07286823782849074,0.0,1.0,0.0,1.0,0.0,0.0,1
3.5028871683218172,-1.0850127896518522,-1.0928952410987494,-0.3157894861550056,-0.09841740865778026,0.03440749598552754,1.0,0.0,0.0,0.0,0.0,1.0,0
2.725522499590405,0.8230077035491535,-1.4470045764150157,1.178450850318331,0.24493922704446816,-1.0484276425345258,1.0,0.0,0.0,0.0,1.0,0.0,1
-0.636342131415584,-1.1528874980717116,1.7223599419956492,0.19923804124923924,1.0635089284515264,0.8017959099004475,0.0,1.0,0.0,0.0,1.0,0.0,0
-2.8620969444013347,-0.32981222953041234,0.272862518025773,2.4718090760554694,-0.6520745694027944,-0.9763852077662583,1.0,0.0,0.0,0.0,1.0,0.0,0
-5.071900752884045,1.4958285450357476,0.37968758061398367,0.17050818601964934,-0.6284077786968656,-0.2182334445471739,1.0,0.0,0.0,1.0,0.0,0.0,1
5.059250925199111,-0.9222275303072706,-0.30902236519624954,-0.29006577393725175,0.18143139795036198,-0.2952804727200515,1.0,0.0,0.0,1.0,0.0,0.0,0
-0.5557315318928469,-1.0381092522671207,-0.17287108244343635,0.004132882654866092,0.41527969026545347,0.35810361265921586,0.0,0.0,1.0,0.0,1.0,0.0,0
-3.7402122663939585,-0.2315990023596195,0.9645506822393334,0.25649197844354,-0.8241064992640045,-2.119103940217333,1.0,0.0,0.0,0.0,1.0,0.0,1
-2.4384209761842928,0.3590055779095843,-0.03233711869521544,0.43525395717106363,-0.07476256341330836,0.8909098149294582,0.0,1.0,0.0,0.0,0.0,1.0,1
0.9955024632336421,1.2987023472397596,0.5306939380247327,2.0767113258590237,-0.09399877422878479,-0.6769903476121641,1.0,0.0,0.0,0.0,1.0,0.0,1
-4.061793002233532,1.4424634365991027,-0.19600429784501586,-0.8453204649775686,-2.2152801156034707,1.2199632947770542,0.0,1.0,0.0,0.0,1.0,0.0,1
4.481347260279161,-1.291078090225816,-0.3421528907320472,0.8590460581777356,-0.21959398925875973,-0.4781649245161544,1.0,0.0,0.0,0.0,0.0,1.0,0
3.2486522229591337,-1.086007447956284,-1.406914165601862,0.20775059761412384,-0.1573178328484663,-0.04884358573401051,1.0,0.0,0.0,1.0,0.0,0.0,0
2.7578528406022533,0.8722139216879816,-1.977749062367128,-1.5710977425706176,-0.16029294282301915,1.9137860400684237,0.0,1.0,0.0,0.0,1.0,0.0,1
-0.8533440294805938,-0.6881035431874186,-0.2615619010664018,0.7706987820947633,1.4159142745772682,-0.27733820879366844,0.0,1.0,0.0,0.0,0.0,1.0,0
1.599810074751315,1.1545471785190817,0.05649669199323269,1.2676235608039048,-1.2157982985088753,1.2388498846734588,1.0,0.0,0.0,1.0,0.0,0.0,1
1.0568062452722915,0.4903597716872603,-1.286130036708791,-0.8571764037774298,-0.8246225712046127,0.03904508556456009,0.0,1.0,0.0,1.0,0.0,0.0,1
1.8830279304400774,-1.1644655928579684,-0.03447486503463288,-0.008933867891970693,-2.612195798319334,0.4154188302934896,0.0,1.0,0.0,1.0,0.0,0.0,1
-5.222026671457775,0.9975878547720214,0.053752562990502024,-1.7253542620077036,-0.4809166661741407,0.0699585894113745,1.0,0.0,0.0,1.0,0.0,0.0,1
-1.057995387309811,-0.9709308599757724,-2.156008006059379,-1.2588064596843365,-0.39564355412600094,0.8478516263001241,0.0,1.0,0.0,0.0,1.0,0.0,0
-5.760246175620667,-0.2295138159610386,-0.9151246594795012,1.0480295776172526,-0.5099771763342562,-0.6855316128530513,1.0,0.0,0.0,1.0,0.0,0.0,1
-0.07551359246204996,0.15655478567798997,0.4072638937354685,-0.4664165060074345,1.10767733948376,-0.9840485230191854,0.0,1.0,0.0,0.0,1.0,0.0,1
-2.1380270617039816,0.0022984472408348333,0.3870587293957439,-1.1088029749380393,0.8606175223369632,-0.6385761903770217,1.0,0.0,0.0,1.0,0.0,0.0,0
-4.467040787149199,0.5584887468454512,-1.1536749163997606,0.22946036445842968,0.07785672426730414,0.09971037632409105,0.0,1.0,0.0,1.0,0.0,0.0,1
-4.983785292153383,0.45806020460776564,0.15844805049973495,-0.5224124314310232,-0.37061305353986224,-0.22081878555032944,1.0,0.0,0.0,0.0,1.0,0.0,1
1.1013741763220821,1.4761260165841645,1.0224072253604721,-0.4708216577755361,1.0261896681068639,0.7102748764711765,0.0,1.0,0.0,1.0,0.0,0.0,1
-4.139450840341362,1.4982657276725635,0.7770729589908982,0.7393260256749032,-0.01975785983585163,1.30473169982152,0.0,1.0,0.0,0.0,0.0,1.0,1
5.342216963143077,0.04937820790692282,-0.09528578701393456,-1.1617333589343466,-0.8182700389184578,-0.9758383372350086,0.0,0.0,1.0,0.0,1.0,0.0,0
1.018644323897507,-1.214402739117408,-0.4679763133242924,-0.9053652126818322,-1.7162486774845516,-0.7339487916139326,0.0,1.0,0.0,1.0,0.0,0.0,0
-1.9242907884644997,0.6835298969061551,-0.6293444843345044,0.15407999214886864,-0.44131449389568267,-1.436239418312854,0.0,0.0,1.0,1.0,0.0,0.0,0
1.1424777605420973,1.4299922346497675,0.4678197829096571,0.9694097907482053,0.7546436171726086,2.030372990759104,1.0,0.0,0.0,0.0,1.0,0.0,1
-5.9966234123783595,-0.545020837112939,0.19510397314288802,1.2381603014898497,2.2765386895430897,0.30466949912182684,1.0,0.0,0.0,0.0,1.0,0.0,0
5.7624250222209605,-0.1163733424872786,0.6294040061022004,-0.665061720361623,0.06161034618947592,0.47980232005157775,1.0,0.0,0.0,0.0,0.0,1.0,0
-0.22238156997589265,-0.22566922555363222,0.13187381312115198,0.9373769669196479,-0.7653555151203043,-1.3402083850310482,0.0,1.0,0.0,0.0,1.0,0.0,0
3.5529556513621596,-1.345742536329212,0.8187639503474419,-0.7841422934704089,-1.184965208284214,-0.0011699890068746332,0.0,1.0,0.0,0.0,1.0,0.0,0
-5.243569467228317,0.5167932936703344,0.09459253295770016,1.8262093469068,0.5519548963055988,0.5092479844130853,0.0,0.0,1.0,0.0,1.0,0.0,1
-0.16765635930184378,-0.4399869147945966,0.7846887161316864,-1.1337710254197284,-1.7646160523842684,-0.252757690534425,0.0,1.0,0.0,0.0,0.0,1.0,0
-0.11677935306242221,0.8623916238945067,0.8708227703666389,1.328478810791731,0.5503451014048882,1.0757056248263945,0.0,1.0,0.0,0.0,1.0,0.0,0
5.5018894979866735,0.9963602258459582,-0.8045266302248135,-0.6564861068187239,0.8177116062629123,2.3118311256428297,1.0,0.0,0.0,1.0,0.0,0.0,1
0.9013612896039292,0.9636923597935363,-1.808144046870746,2.0132464547946003,0.43627945323286405,-0.9470628270939518,1.0,0.0,0.0,0.0,0.0,1.0,1
-0.333142011526957,-0.2500020058803596,1.5434928560145533,0.5913207288524843,-0.21966167193855743,-1.0220872459766968,0.0,0.0,1.0,0.0,0.0,1.0,0
-2.92827017975256,-0.5353629532773014,0.2566587307122617,-1.016016529408222,0.5649406535468146,-0.8777560655285767,1.0,0.0,0.0,0.0,1.0,0.0,0
-2.1165664023416038,0.7464623390011645,-1.7144858954961215,-0.5222384795425068,0.17093837112829996,1.6061991600164907,1.0,0.0,0.0,0.0,0.0,1.0,1
0.2597770709465384,0.904168301528169,-0.7138194972187111,0.7811812052237417,-0.7781238418605918,1.0423553170296844,0.0,0.0,1.0,0.0,0.0,1.0,1
-0.7676612300967752,-0.026227660825901555,0.7718742923698284,1.0526444176155614,1.8504123223750257,-0.13552781779364848,0.0,0.0,1.0,1.0,0.0,0.0,0
-6.0115999016562185,1.1790930586089092,-0.279676831132893,-0.07071559172446261,-0.3516793796105163,0.03655966440087428,0.0,1.0,0.0,0.0,0.0,1.0,1
4.100305247898689,-1.0682739117643252,-0.5120614193191271,0.044658280963466405,0.7757523004499094,-0.8165436261967214,1.0,0.0,0.0,0.0,1.0,0.0,0
4.978303081809093,1.1372063389768803,1.4008818603129667,0.7583530326440655,-2.4186142826957147,0.8900271577431841,0.0,0.0,1.0,0.0,1.0,0.0,1
-4.520763276496799,-1.2117143010843563,-1.0472871463838105,0.13179842701081995,1.276470882780929,-0.3799018241085537,1.0,0.0,0.0,0.0,1.0,0.0,1
0.6790382062824046,-1.0394234338361583,-0.7981533577548339,-1.2935048593383758,1.4687637446545818,-0.2600765394549993,0.0,1.0,0.0,0.0,0.0,1.0,1
-4.91878230434288,0.10152003982188107,0.21138647504826755,-0.8129740246401806,0.029833787126638218,0.6087897715292568,1.0,0.0,0.0,0.0,1.0,0.0,1
2.1644328437899794,-1.2974445594377548,0.39045493205388226,0.23511994315166507,0.5587710347377585,-0.18799493808322118,0.0,0.0,1.0,0.0,1.0,0.0,0
-2.7490973501800324,-1.341578695799669,0.4963430343407315,1.2154824164976936,0.5585151816075627,-0.2349659934978464,0.0,0.0,1.0,1.0,0.0,0.0,0
2.0033639118560314,-1.4984437675028834,0.9112380445689469,1.6159824241620477,-0.6427835696407243,0.010575205529075074,0.0,1.0,0.0,0.0,1.0,0.0,1
2.8524984505924764,-0.19105002091721057,0.19857862068151685,0.7795294207714503,0.5471223054393403,0.7953554137930766,1.0,0.0,0.0,0.0,0.0,1.0,1
3.3759239480553385,0.8238716438766894,0.48938393893840915,0.28729076103636375,-0.8086304698725554,1.6464930754838332,0.0,1.0,0.0,0.0,0.0,1.0,1
-4.929272649956148,-1.395484949160253,-0.2592092593150832,0.748813885982477,-0.6087569236453261,0.585486232246082,1.0,0.0,0.0,1.0,0.0,0.0,0
5.227759025962575,0.4567728193975662,0.06269830323671424,-0.6667508502068556,1.1269431432122987,0.803314223624267,0.0,0.0,1.0,0.0,0.0,1.0,0
-3.3902309769838057,0.9693819522485595,0.10753418005363442,-0.15323096025821417,0.9746576907002027,-0.19985406210112439,1.0,0.0,0.0,0.0,0.0,1.0,1
-5.8130452606391785,-0.9959974542663866,0.21509813581903608,-0.8241307213394766,-0.7063755021157926,-0.707797863168717,1.0,0.0,0.0,0.0,1.0,0.0,0
0.6892964594861725,-1.0594087955357874,0.7725398075827608,-1.2487426107077115,-0.7335763435010406,0.6539862322351151,0.0,1.0,0.0,1.0,0.0,0.0,1
-1.6220384190396444,1.0824029208616084,0.555145681944831,0.33354901163620493,-0.6455966024576721,0.17124082460057136,0.0,1.0,0.0,0.0,1.0,0.0,1
4.144260137016216,0.9693738298502842,0.0442170029001831,0.1855133065847436,0.7326395664654908,-1.4226286487497493,0.0,0.0,1.0,1.0,0.0,0.0,1
3.8736022403818,0.11682529879256065,-0.8091259849410398,0.6876524845090128,-0.9999847808103971,-0.32806962342559803,1.0,0.0,0.0,0.0,1.0,0.0,0
-2.297900443741813,0.9575996378819409,0.06767125806270954,0.5461118308924472,0.3567126390359526,-0.08289702348155359,0.0,0.0,1.0,0.0,1.0,0.0,1
5.691301649465489,-1.2217317677265158,-0.028017784895743934,0.24264427132386202,0.7468468106342946,-0.5104578670284787,1.0,0.0,0.0,0.0,0.0,1.0,0
-2.6274039347827016,-0.31655544618373677,0.19318157981319836,0.5566166656775543,-0.08824545029310012,1.4817355945421273,1.0,0.0,0.0,0.0,1.0,0.0,0
0.18921346631402608,0.7133926683191186,2.206525307140402,-0.04268309622747663,1.0100636968649277,0.47983903690221674,0.0,1.0,0.0,0.0,0.0,1.0,1
-3.066633114769079,-0.7276441220281099,-0.5237727785412354,0.4128913952224006,-0.30431016948979245,1.3731749178886479,1.0,0.0,0.0,0.0,0.0,1.0,0
5.479485105243558,0.7569867433006583,0.42228901912535954,-0.7261444026863596,-0.2138556009939144,0.26342526165215957,0.0,1.0,0.0,1.0,0.0,0.0,1
-4.214662465423118,0.012535813172441568,1.0684620672442982,0.3697059256391301,-0.9772462311318565,0.08138783642507771,1.0,0.0,0.0,1.0,0.0,0.0,1
-5.718821819375154,0.7507979638446992,0.09800191409938289,0.6684176852860094,1.0171773476202053,-0.9365978176102492,1.0,0.0,0.0,0.0,0.0,1.0,1
-0.8155943979633407,-0.10596108642801128,2.337845119172165,-0.6696814280722031,-0.7665204469788703,0.01192953319656672,0.0,1.0,0.0,0.0,0.0,1.0,0
6.187373819379793,-0.39628697933454715,-0.3780392917314767,0.05183209899284673,0.3497718177150592,0.013053925675440194,1.0,0.0,0.0,0.0,1.0,0.0,1
4.921961688978284,-0.842432350564103,0.32408922232004705,-0.6236025096293596,-0.07131606712593476,-1.3671138840342332,0.0,1.0,0.0,0.0,1.0,0.0,0
3.12410051019784,-0.8748619756949549,-0.798805744892982,-0.5265066965161149,-1.0527830631116626,-0.5395274697703949,0.0,1.0,0.0,0.0,1.0,0.0,0
4.91084327368812,0.754472431714188,-0.35152473514329313,-1.1249293551021546,-0.6091031438233208,-0.3232825985163624,1.0,0.0,0.0,0.0,0.0,1.0,0
4.944196291417589,-1.1432689558981184,0.2489339103966579,1.2657749251665555,1.382872239040734,0.41347954405572146,0.0,0.0,1.0,0.0,0.0,1.0,0
0.23698114579526852,-1.2420529496671646,0.8463040623077297,1.0656851747200478,0.20165754263448052,0.46135011198570613,1.0,0.0,0.0,1.0,0.0,0.0,0
-2.3131037540307533,-0.9711259049336095,0.3190948340235742,0.5374338542273371,-1.009150341366842,-0.5813184819652049,1.0,0.0,0.0,1.0,0.0,0.0,0
3.418209033619889,-0.9739604656382344,1.259114849334736,1.972195951943814,0.30532828734869183,0.46886960254188487,1.0,0.0,0.0,1.0,0.0,0.0,0
2.0314953469515378,0.9693228684206993,-0.09496531059267174,-0.18924569656839169,-0.1461140315945451,-0.182078929348517,0.0,0.0,1.0,0.0,0.0,1.0,1
-1.5876638032328092,-0.3044801295773628,-0.33216852983900536,3.0317624151106344,3.4540464022441815,-2.8696200248549566,0.0,1.0,0.0,0.0,0.0,1.0,1
-5.096082145614939,1.4711653720814473,2.7039851072793866,-0.22752941536322038,0.2851238413422724,-0.4847020319515423,0.0,1.0,0.0,0.0,0.0,1.0,1
3.101249719985521,-1.0883662266281628,0.39423764944203077,0.25519335175601643,-0.3806248470663645,1.0789886401423785,0.0,0.0,1.0,1.0,0.0,0.0,0
-2.985009192456952,0.46061947708093,-0.7194815459785476,-0.39777791394020817,1.4200279177871042,-1.6818057566276796,1.0,0.0,0.0,0.0,1.0,0.0,0
5.489155938833333,-0.1538114783962482,-0.6942637622480688,0.372325560060305,-1.8410361672928455,0.11269120041554022,0.0,0.0,1.0,1.0,0.0,0.0,0
-3.2550597545029163,-0.3212454699087781,-0.9426799145313405,0.8356149278862445,0.09432015638109745,1.585261214185287,0.0,1.0,0.0,0.0,1.0,0.0,0
-4.740563632644399,1.125252597162247,0.9365693558567879,-0.11391639305308393,1.9944284946810726,-0.7606129530104807,0.0,0.0,1.0,1.0,0.0,0.0,1
4.160884553032364,1.426786937485199,-0.36437729289324183,1.7767198471176207,-0.11619928435975406,0.002149080427685861,0.0,0.0,1.0,0.0,0.0,1.0,1
-4.356957775107417,1.1185768763225363,0.12736247565648562,0.23914928463346072,-1.7333010446480788,-1.3040162572279212,0.0,0.0,1.0,1.0,0.0,0.0,1
-4.030433307460289,-0.9230979628946009,-0.06350867443826871,0.2704853861101991,-0.39591796441059773,1.627231141663572,1.0,0.0,0.0,0.0,1.0,0.0,1
1.2488809909405119,-0.8376062363731979,0.7314924079409346,-0.9089976945137175,1.4545180409590368,-0.08333262699661428,0.0,0.0,1.0,0.0,0.0,1.0,0
4.706885423234314,0.46822163728518995,-0.8467440928840201,0.4184990745503845,0.37606959632077114,0.04662684279401815,0.0,0.0,1.0,0.0,1.0,0.0,0
-3.8147144963025057,-0.6327492550854249,-1.0755722861430155,-0.1340272208093656,-0.8388561095125178,1.3543004655056223,0.0,1.0,0.0,1.0,0.0,0.0,1
-2.3835430231078276,0.7041753923417396,0.22429730718159427,-0.6082397293372869,-0.685242807179024,0.6614783946454811,1.0,0.0,0.0,0.0,0.0,1.0,0
3.4859720075549934,0.19926195242893396,0.600959284699897,-0.7764744081483639,-0.5597002711498134,-0.8756287324967398,0.0,0.0,1.0,0.0,1.0,0.0,0
5.929145735530651,0.1527263054712088,0.33253231309764075,2.671763379756685,0.36119788405399617,-0.6472779240873159,1.0,0.0,0.0,0.0,1.0,0.0,0
0.009314020512882932,0.9856407745163573,-0.8094537290973276,-0.2634772501790354,1.3381961329386531,0.49493130452329864,0.0,1.0,0.0,0.0,1.0,0.0,1
-4.474915959639874,0.6315983152280334,0.6774848420913938,-1.4569854207812678,1.052423012799171,-0.62412105506294,0.0,1.0,0.0,0.0,0.0,1.0,1
-6.108056750849987,-1.420266705008125,-0.7438609270956342,-0.6982214597325725,0.45601218210912847,-2.117243312120527,1.0,0.0,0.0,0.0,1.0,0.0,0
-3.397242520391583,-1.3516225885619528,-0.5215386447863833,-0.051567839476213594,-1.3316447600574832,-0.05324079863907779,0.0,1.0,0.0,0.0,1.0,0.0,0
-4.626658463267393,0.3046753573680471,-0.9439535247220022,0.546667032616485,-1.3279325139934413,-1.4802126611248094,1.0,0.0,0.0,0.0,1.0,0.0,1
2.2325247354746396,-0.04142377313317347,1.3011583486520308,0.5547965217253135,0.5332520212137634,1.616281753563726,0.0,1.0,0.0,1.0,0.0,0.0,1
-4.752192901141835,-0.7194460339710258,0.6334215410273492,0.6766145517765254,-1.3454710979328943,0.1767876377631527,0.0,0.0,1.0,0.0,0.0,1.0,0
0.07954426670842547,-0.24403173805559508,0.6049933756788733,-0.6448603066373296,-0.22556702106860427,-0.9051750567435755,1.0,0.0,0.0,1.0,0.0,0.0,0
2.4411737627366086,0.7737309561985816,1.2472114211424503,0.34044044350154545,0.304150446186177,-0.6986324146624537,0.0,1.0,0.0,0.0,1.0,0.0,1
1.0193413744500037,0.97983445397379,2.8126492482387233,-0.8760594641105784,-1.1375939953626888,-1.8893975878739204,1.0,0.0,0.0,0.0,1.0,0.0,1
-3.772730428694184,0.1836692036701325,-1.7092261039101555,-0.6196429830140117,-1.0242623343588635,-1.0994618867805037,0.0,0.0,1.0,1.0,0.0,0.0,0
3.8217415089226927,-0.34389155742869104,-0.7383765808771081,-0.9177089745002595,-0.09412106456781866,1.0163232025406992,0.0,0.0,1.0,0.0,1.0,0.0,0
2.7068858237274673,-0.6879097155146789,-0.6161750841745238,-1.1883888545982695,0.5036502875240538,2.2317861454923915,1.0,0.0,0.0,0.0,1.0,0.0,1
3.0031615641061613,0.06575541230776039,-0.8508196223826928,1.0642094888580087,1.0615187704137568,0.7263965131989585,0.0,1.0,0.0,0.0,1.0,0.0,1
-4.63626502922578,-0.555751144306857,-1.0775832476037126,0.6886117009788877,0.6070534347705518,-0.09204253862102917,0.0,1.0,0.0,1.0,0.0,0.0,1
-4.7280491455727205,0.19228541114166875,-0.2996530640553656,0.9766653699781299,0.07365659499219453,-0.4319593756539166,0.0,1.0,0.0,0.0,0.0,1.0,1
5.372909476768623,0.529957147528913,-1.216603715289405,0.03931306602429631,-0.7461947535570493,-0.9564958135763623,0.0,1.0,0.0,0.0,0.0,1.0,0
-1.2870703753878567,-1.3017623672418155,0.3350423675374132,0.7768076988651466,-1.0709069958445192,2.0597658993397405,0.0,1.0,0.0,0.0,1.0,0.0,0
-2.5013525103537493,-1.4967976049317584,0.051698321428614635,-1.761289404642545,-0.5108770883291476,-0.1887487018643749,0.0,1.0,0.0,0.0,1.0,0.0,0
-0.14345711702934863,-0.8631685834777711,0.4810286647636553,0.8630875180453551,0.40993558498056715,2.1156298300625043,1.0,0.0,0.0,1.0,0.0,0.0,0
2.0466120574030224,1.1835344931563432,0.5077284516382525,0.1771198300050302,0.33662370662734287,1.393519509610061,1.0,0.0,0.0,1.0,0.0,0.0,1
5.725530708573658,0.4388722896856775,0.6030068534266765,0.6271096001491656,-2.0999019857251224,-1.7407964313462736,0.0,0.0,1.0,0.0,1.0,0.0,1
-2.68359585909487,-0.9841189441889314,-0.3734089368238823,0.38002329904861315,-0.785677028267503,-0.6659523957592918,1.0,0.0,0.0,0.0,0.0,1.0,0
5.338300162838733,1.1707918854708563,2.1211434026336673,-0.9870551545368866,1.2045075516061559,-0.6690451241738223,0.0,1.0,0.0,0.0,0.0,1.0,1
-5.97079172513542,-0.09013217913798,0.23443111648209775,-1.4980397753910466,0.07921504780413943,-0.07984636410573946,1.0,0.0,0.0,0.0,1.0,0.0,0
0.6936390570659635,-0.07172472996401802,-1.862484752624795,-0.7120541661829632,-1.417008913102986,-0.060314253113753484,0.0,0.0,1.0,0.0,0.0,1.0,0
1.6835809064846763,1.3066258315279653,-1.0023757457662175,0.5649172812729122,2.3558211815981513,2.996239095398143,0.0,1.0,0.0,0.0,1.0,0.0,1
-4.952439284549191,-1.32153992344998,-1.7405029890278156,0.6900914151753954,-0.028941732314764643,-1.0772278744747588,0.0,1.0,0.0,1.0,0.0,0.0,1
-4.5196259186046275,-0.8544651761138444,0.01733462915130733,-1.3679422773818628,0.38433395931340797,0.22896993566438997,1.0,0.0,0.0,0.0,1.0,0.0,1
-1.0164394408660389,0.25731397546416723,-0.12180522405333363,-0.9810993674682146,0.3995247560451345,0.6165077424678032,0.0,1.0,0.0,1.0,0.0,0.0,0
5.858843000232566,-0.9135404712539877,-0.4684256978994578,-0.7232356859408393,-0.36759546616018607,-0.0015720044691961827,0.0,0.0,1.0,0.0,0.0,1.0,0
1.2069063186924491,0.5385810276268734,2.010926112400514,-0.3573050602668157,-0.7275736818213943,0.11018057778135802,0.0,1.0,0.0,0.0,1.0,0.0,1
5.441530287252035,-0.8577231319898394,0.5489828740769108,-1.3620508308526522,2.1216749850659404,-1.0448088943065872,0.0,1.0,0.0,0.0,1.0,0.0,0
3.824712066118287,-1.202529088203557,0.7260983614463344,-1.4220517661401326,1.0032058696177506,0.10648619460268177,0.0,1.0,0.0,0.0,1.0,0.0,0
-0.40989488370304367,-0.8790445210774808,-0.9310734879421032,-0.8218352964075539,0.8219372011086765,0.5113989961743719,1.0,0.0,0.0,0.0,0.0,1.0,0
3.5784430407262477,-0.23179789718381327,-0.9991448913310123,0.08625383622500567,0.5762891917182107,0.3276005842711286,0.0,1.0,0.0,0.0,1.0,0.0,0
-6.059041669156495,-0.9715851024807604,0.03680549909695475,-1.1805943397534906,-1.0033173903616845,0.5702009039120914,1.0,0.0,0.0,0.0,1.0,0.0,0
-4.911641393488942,-1.095923925229958,0.17300713965222583,-0.11580350997176611,1.2775301917402737,1.412607900636232,1.0,0.0,0.0,1.0,0.0,0.0,0
4.139722065591463,1.0808456586568225,-1.856311567114457,1.0585528161418154,-0.8431326580117493,0.9369665419143417,0.0,1.0,0.0,0.0,0.0,1.0,1
3.7299135365689633,-0.5388083892080765,-0.18030702284953407,-1.30177973741351,0.2832867981506457,0.07129461349743696,0.0,0.0,1.0,0.0,1.0,0.0,0
-3.359735523629879,-0.4177239404452392,0.014072082873504806,-0.20644575841053947,-1.6393899054645689,-1.171758351883278,0.0,0.0,1.0,1.0,0.0,0.0,0
0.386662079119808,-1.3341887714963172,-0.21514916577112894,1.0247567337507726,-2.0408588506475196,-0.6000052747111194,0.0,0.0,1.0,0.0,0.0,1.0,0
1.332234093901788,-0.42789112949383756,-0.8133904123466764,-0.4182683903638093,0.3182912026531147,-0.21963115191741533,0.0,1.0,0.0,1.0,0.0,0.0,1
4.6211439824860525,-0.705578468035261,-0.53953518192114,-0.5736696908584189,-0.8090992671949081,0.25234583134144734,1.0,0.0,0.0,0.0,1.0,0.0,0
1.2956827521114698,0.3314552020253656,-0.17685919357279603,1.1634958143064738,-1.9891675712972732,-0.4783327614993951,0.0,1.0,0.0,0.0,1.0,0.0,1
-1.09865806273876,-0.8838291069827799,0.09080002361004777,-0.30620207897154783,0.5406095029470755,-0.9357331991843516,0.0,0.0,1.0,0.0,1.0,0.0,0
-1.5810499397454685,1.1650963591885217,0.604791582550568,1.1044950252055679,2.120080771050789,-1.188198689120337,0.0,1.0,0.0,0.0,1.0,0.0,1
-0.9313931717935366,1.2889998627586654,1.0808562049508712,0.4289653911271988,1.3895602585800617,-1.651177759055531,0.0,1.0,0.0,1.0,0.0,0.0,1
1.9092215752576391,-1.2005068284696294,-0.2943477235272498,-0.34284465290983673,-0.2573178852656725,-0.23495070377456886,0.0,1.0,0.0,1.0,0.0,0.0,0
4.618023475904703,-1.1777911311342684,-0.45615619611535785,0.47969053059753036,0.00884530669694572,-1.469665442070305,0.0,0.0,1.0,1.0,0.0,0.0,0
-0.5793488663067226,-1.154020685667036,0.43765567353430623,0.3204495138460378,0.8877062567839132,-1.0005256841573922,0.0,0.0,1.0,1.0,0.0,0.0,0
-3.1687415062320192,0.35870776893093603,0.6108449164108543,1.020882821002474,1.1221280198349068,-0.3939018728443025,0.0,0.0,1.0,0.0,0.0,1.0,1
-3.309198343281979,-1.1340931073711313,-0.4342004332588856,-0.5483455378650185,-0.3435357188256987,-1.3359173093914338,0.0,1.0,0.0,0.0,1.0,0.0,0
3.0915066219639673,1.057146953790799,0.7903934769661722,0.041206066781619685,0.034177715724574294,0.37975218849869696,1.0,0.0,0.0,0.0,1.0,0.0,1
3.978120406114248,0.7628145448136774,0.9795853411559731,-0.061515679604637406,0.30061480676453645,0.7402230636056872,0.0,1.0,0.0,0.0,1.0,0.0,1
-4.960221938164552,0.9594265747140722,1.291686465658673,0.7041481416397848,0.5538763202788318,-0.5494270197753985,1.0,0.0,0.0,0.0,0.0,1.0,1
-5.4467820430127,0.07818158065806269,1.7783209067198225,-1.0251791944441757,-0.13307644201126692,-0.43702730761000175,0.0,0.0,1.0,1.0,0.0,0.0,1
1.1866884172353507,1.4900316345574605,-0.8664161386594389,1.016977048237856,-0.12008524506874427,0.5374297701390774,0.0,1.0,0.0,1.0,0.0,0.0,1
-4.446318146750915,-1.3674746911675162,0.01389820933251119,0.4663287721704166,1.3798323297543882,-0.713995097234679,0.0,1.0,0.0,0.0,1.0,0.0,1
4.079850542485278,-0.29620510744165995,0.011277696618660139,-1.3169250736329463,1.2095207024428862,-0.7827339115972951,1.0,0.0,0.0,0.0,1.0,0.0,0
-2.3834047801633615,-0.5281899931870915,-0.0980735685325076,1.2082628254805003,0.4774105734360883,1.1964984781862904,0.0,1.0,0.0,0.0,0.0,1.0,0
-4.475237276459967,1.3459364961379232,-0.6492629196101362,2.2340930807977313,1.7191090700229286,0.8841877387127871,0.0,1.0,0.0,0.0,0.0,1.0,1
5.290070974979191,0.23058287549277867,-1.4855620032310715,1.0018339695494078,-0.386445762226417,0.6015500023439195,1.0,0.0,0.0,0.0,0.0,1.0,0
-4.203052330854737,0.9185728963341757,0.0926794460290038,1.4269847672264693,1.6229734486293805,0.9256446213940929,0.0,0.0,1.0,1.0,0.0,0.0,1
-2.705287231170229,-0.9889764190244434,-0.7683556595479125,0.0853713816025881,0.5425154435355505,-1.977278725367363,1.0,0.0,0.0,1.0,0.0,0.0,0
-4.3528224518661585,1.4359024317013167,0.085993480747625,-1.66150491973851,3.2710261222145895,1.3538355467931074,0.0,1.0,0.0,1.0,0.0,0.0,1
-4.8318943648848,-0.0040813593710544716,-0.7940435416988534,-1.8441204511675249,-1.1924819267824778,0.3920621165837422,1.0,0.0,0.0,0.0,0.0,1.0,1
-6.017431496137358,-0.018983771188062604,-1.0996583458443414,0.25508204386775846,-0.6893452522173416,1.010781384005735,0.0,1.0,0.0,0.0,0.0,1.0,1
-5.587066065287425,1.4126541856372135,0.2342983603768977,-0.59197880772998,0.4187978282005477,0.3871617791163626,0.0,1.0,0.0,0.0,0.0,1.0,1
-4.088575858762826,-0.35780291634856487,0.15092152680649595,-0.9145762783273513,0.3972340529789919,0.048924824680156194,0.0,0.0,1.0,1.0,0.0,0.0,0
-5.612368157675748,-0.30742492633502116,0.579281971320933,-0.06274668396867535,1.9501389841750185,-0.2753092123620546,1.0,0.0,0.0,0.0,0.0,1.0,0
1.1453469724574648,0.2542581084148099,2.1858637664176253,0.6155852878612882,-0.6683746832995339,0.36714437688620544,0.0,0.0,1.0,0.0,1.0,0.0,1
2.27092571916114,-1.115842168356639,0.2772895312108468,-1.4527575467621472,0.9049185186938843,-0.3117479089045521,0.0,1.0,0.0,0.0,0.0,1.0,1
-1.3366791015288098,-0.5367431207644353,0.4850817670641296,-0.4488776202803848,1.1624630046819957,0.8678761000651124,1.0,0.0,0.0,0.0,1.0,0.0,0
-2.287191330813514,-0.9203750326646084,-1.0775613288673254,1.5098706831203152,0.7046478322206475,-1.5864566445522004,1.0,0.0,0.0,1.0,0.0,0.0,0
0.056878371909776834,-1.1901495626788512,-1.2869074405363745,-1.0752883802213746,-0.96099634192432,-0.5415758617942777,1.0,0.0,0.0,1.0,0.0,0.0,0
4.712451086336444,1.0984338189930603,1.5828294467733337,0.8697611871649563,1.407758805254198,2.0448232484766464,0.0,0.0,1.0,0.0,0.0,1.0,1
4.4124501570707,0.26799349838242814,-0.9234797799333037,-0.4847307615489939,1.2293249313154138,-0.6260804635723924,1.0,0.0,0.0,0.0,1.0,0.0,0
-5.7368615654445945,-0.4239816254162664,-1.043944071468642,0.5457937598499527,0.5995845197903774,-0.23868372306347801,0.0,1.0,0.0,0.0,1.0,0.0,0
-4.002409026272901,-0.2739918678998615,-0.03909892121655298,1.0973275072028672,0.20434768720895413,-0.8825809333500763,0.0,1.0,0.0,0.0,1.0,0.0,1
-3.308161515833054,-0.2054429889379361,-0.09019241337738836,0.7412817669850216,0.22610801004437128,0.3358456728858239,0.0,0.0,1.0,0.0,1.0,0.0,0
-3.14928860265541,0.39944754643412816,-0.9025065064432917,0.9091596022138765,-0.07873579223937772,-0.7362648901421949,0.0,1.0,0.0,0.0,0.0,1.0,1
0.8951359016432597,1.2803081744669798,-0.3049732187131,-1.1515935334079561,0.6407851342526418,-0.1856109348070501,0.0,0.0,1.0,1.0,0.0,0.0,1
-1.0522773929611227,1.2983388589709475,1.2293757176501043,1.1136597067412988,0.031134852944977556,0.8488665360350706,1.0,0.0,0.0,1.0,0.0,0.0,1
-5.664239781885347,-0.3255240614080098,-0.8059936088317976,-0.8526931146348199,-0.8485249753526413,-0.6987634188148159,0.0,0.0,1.0,0.0,0.0,1.0,1
-1.5882115765321068,-0.5122126212066913,-1.3936724843661716,0.2595417655715384,-1.048591644827592,0.7886111192652209,1.0,0.0,0.0,0.0,1.0,0.0,0
0.2984883567696968,-0.14686049944423485,0.9425936208997923,0.2582461869972269,-0.7520362536522921,0.8222293155603565,1.0,0.0,0.0,1.0,0.0,0.0,0
-5.005538494224351,0.20380269128547768,0.4922969119380367,0.48512255886958094,0.22213224254945177,1.0549560947192937,0.0,0.0,1.0,1.0,0.0,0.0,1
4.190363771435265,-0.11454626565075521,-0.6205186206486616,0.33695667606019053,-0.026955836435207322,0.14054099491804029,1.0,0.0,0.0,1.0,0.0,0.0,0
-5.630213235365245,0.4762602294501028,-1.582167016126918,-0.8438099785247232,0.21534379328874922,3.2412590769767857,1.0,0.0,0.0,1.0,0.0,0.0,1
5.338720378578004,0.16319707013929097,-0.7446233564385631,-1.3498674122957162,0.500813133546111,1.054533696542082,0.0,1.0,0.0,1.0,0.0,0.0,0
-5.037692837333418,-0.5378533599177717,-0.05470443684927131,0.8723486799617686,-0.6273209259168789,0.32487762440682655,1.0,0.0,0.0,1.0,0.0,0.0,0
4.317490175587875,-0.4628075827121022,1.165672089883819,0.18583457751891555,1.4656601683453478,-0.8759244140817352,1.0,0.0,0.0,0.0,0.0,1.0,0
5.059888635631342,-0.36422163732080726,-1.036581974869657,1.1493768409578178,-0.2677108270474744,-0.09705912587414098,0.0,1.0,0.0,0.0,0.0,1.0,0
6.026462908031587,-1.216080695251834,-0.08451988151147344,-0.04473293418786798,-0.433426984781509,1.426326976900034,0.0,0.0,1.0,0.0,0.0,1.0,0
3.7953691466460477,-1.0018121027580806,0.675144659894898,-1.4051643606769604,0.4823862373324524,1.7095346156262687,0.0,0.0,1.0,0.0,1.0,0.0,0
3.512018355722195,0.6693414064361584,-2.3812673401219207,0.9661296810041061,-1.8365102023750728,1.4783291004402292,1.0,0.0,0.0,0.0,1.0,0.0,0
1.7904976525080778,-0.3327098654337599,1.0337861679388998,-0.370370609661107,-0.7905344497229193,0.7851923067296196,0.0,1.0,0.0,0.0,0.0,1.0,1
3.5059715916839322,-0.8563830823195691,-1.1824505722064373,0.3420034574210212,0.981072798691833,-1.255660206295572,0.0,0.0,1.0,0.0,0.0,1.0,0
-4.592352389279484,0.18801723172457185,0.3319954934569346,-0.6474594284795192,-1.7374219290621107,0.4871618178256701,1.0,0.0,0.0,0.0,1.0,0.0,1
0.45324430705003965,0.7666186274202818,0.24668314961074406,1.6443017102336905,1.1175741969331559,-1.2414023780529977,1.0,0.0,0.0,1.0,0.0,0.0,1
0.17872985801266933,-0.7277329129638858,1.084586391463845,-0.8765648241831969,1.5111365663591347,-1.4874711933807585,1.0,0.0,0.0,0.0,1.0,0.0,0
4.49338408441511,0.9803696457712334,0.5509243808935403,-0.33742975410617465,-0.36945533782374834,0.23915868457723857,0.0,1.0,0.0,0.0,1.0,0.0,1
-0.467476959041161,1.2825145788751486,-2.377290491729981,0.10744870269731638,0.29181276742631007,0.5231994472697504,1.0,0.0,0.0,0.0,1.0,0.0,1
-1.4440079794857232,0.29218358722152216,-0.7847792471559913,-1.0921823270869582,1.1190870848510266,0.9033770984808047,0.0,1.0,0.0,1.0,0.0,0.0,0
1.753803790517859,0.5068429769747388,0.13820512935328008,0.33051952858759515,-0.4667891880435197,0.49713624038609394,0.0,0.0,1.0,0.0,0.0,1.0,1
-2.934708504332296,-1.3422720290308339,-0.19497988611978695,1.6119104774674902,0.8677755205261815,0.5315859857427483,1.0,0.0,0.0,0.0,1.0,0.0,0
-4.526803654952106,1.3365596730657194,0.47761072975677044,-0.49046216069371046,-0.6711487951306716,-0.9846525849923764,0.0,1.0,0.0,0.0,1.0,0.0,1
-0.2780023736175211,-0.3225457972051686,0.7893665556697054,0.3951428190317255,-0.47760229333317933,-0.10497668468466637,1.0,0.0,0.0,1.0,0.0,0.0,0
-1.0443989962300735,1.2717012016362896,0.6084517364296791,-2.7494353860385554,-0.7993364643249737,-1.5071167856344878,1.0,0.0,0.0,0.0,0.0,1.0,1
-3.3606252407342874,0.23693257425072767,-0.21427494255446522,-0.03892920048484066,0.3426471991948034,-2.0033691294001956,0.0,0.0,1.0,0.0,0.0,1.0,0
-1.6648956961188934,-1.4861436034700173,-1.8463370111204804,-0.31304228592620537,1.1579690525655495,0.7406427098430741,0.0,1.0,0.0,1.0,0.0,0.0,0
-1.6789619923599632,-1.3843740020296929,-0.4554812488548173,-0.8184976024103849,-0.18411293211716429,-0.7531243937909587,0.0,0.0,1.0,0.0,1.0,0.0,0
-2.1677546702128034,0.5412564170097659,0.4163681481389552,1.081450469628532,-1.2712491599124032,0.8724985021430535,0.0,1.0,0.0,0.0,1.0,0.0,0
-1.5146990464942598,0.1880040414957993,-1.0904472525504776,-0.32624368162382816,-1.0827068222868157,1.1083475778800387,1.0,0.0,0.0,0.0,0.0,1.0,0
2.3341197181503563,-1.420402688381777,0.6312747301215763,-0.17747748709358746,0.3945994213705404,-0.6193173246231977,0.0,1.0,0.0,1.0,0.0,0.0,0
-2.5525255010324384,0.730379883667156,0.9083932972673044,-0.37719287478907115,1.8441164133942693,0.5903110945552991,1.0,0.0,0.0,0.0,0.0,1.0,1
5.640515060297837,1.0564360112075453,0.12686697629584257,-1.9168158717650765,0.39372499931439753,-0.6611567286136416,0.0,0.0,1.0,0.0,1.0,0.0,1
5.231983518071197,-0.010747552682075168,-3.063779866312396,-1.131986440076961,-0.38689655065125267,-1.845878874626824,0.0,1.0,0.0,1.0,0.0,0.0,0
-0.23988663285059508,-0.10272767892823509,-1.2780883627118034,0.9610934861202163,0.7661839668502841,0.1233094044424584,1.0,0.0,0.0,1.0,0.0,0.0,0
-2.1568767097130968,-1.4835806734961174,1.8861891585560817,-2.109950646879972,-0.23949863558674636,-0.4708738797157607,0.0,1.0,0.0,1.0,0.0,0.0,0
0.44528670164574474,0.8599491374807978,-0.546537793028378,-0.7663153496157056,-0.3782852173642064,-0.44008901058713173,0.0,1.0,0.0,1.0,0.0,0.0,1
4.380140283451546,-0.5078517997616837,-1.984143223128996,-0.3997200562897638,-0.9584591056952636,1.9753431178455254,0.0,0.0,1.0,0.0,1.0,0.0,0
1.9174690725376817,1.1362908593476186,1.2352473883102724,1.7436218672915653,1.4084488442463559,-1.5258569827326718,1.0,0.0,0.0,0.0,0.0,1.0,1
3.825100521965227,-0.38081823732584086,0.013355591543672855,0.768603765496369,-2.5392079174956637,0.38287113537147105,1.0,0.0,0.0,1.0,0.0,0.0,0
0.41120024838746594,0.19523373189211668,1.1049404889577255,-0.5571705270530996,0.7978592002792693,-0.9948072371447515,1.0,0.0,0.0,0.0,0.0,1.0,1
1.6702921905589159,-0.6889746354020174,0.2769586752193653,1.304513697115551,-0.4637449377975369,0.9082614092673243,1.0,0.0,0.0,1.0,0.0,0.0,1
-2.66211506475448,-1.0182350622452438,0.4585591362121688,-0.7405158205011196,-0.4103407314516127,0.2984312361750658,0.0,1.0,0.0,0.0,1.0,0.0,0
2.9517545323699377,0.8247237101439839,0.3630092477145166,1.0090998037340055,1.6923151561178125,0.3793443491806136,1.0,0.0,0.0,0.0,0.0,1.0,1
-3.7396941759132347,-0.010228563461155193,0.697488311921,-1.3588772459230156,-0.7141310922000513,-0.9448896176022599,0.0,1.0,0.0,0.0,0.0,1.0,0
2.447905481716929,0.10946377125675222,2.2774304485560983,1.0732578317891572,-0.6800691540284102,-0.7655879132883234,0.0,1.0,0.0,0.0,1.0,0.0,1
4.532929500249534,1.3962478604452064,0.9710063359591881,-0.4061336454709856,-0.13039423891953036,0.9272505073458861,1.0,0.0,0.0,0.0,0.0,1.0,1
-4.623132094439994,1.3907397366664611,-1.580339317845535,-1.0285042409412697,0.41384738581223823,1.7707977217275628,0.0,0.0,1.0,1.0,0.0,0.0,1
1.4373382104240073,1.0669263651072105,0.4466615152789034,-0.21714361307631405,-0.4418557822928694,0.48030781722418714,0.0,1.0,0.0,1.0,0.0,0.0,1
-5.088176891072438,-0.9371721217048993,1.1414807681032177,0.27734417972021486,-1.5738589305358854,-0.8974207207714328,1.0,0.0,0.0,0.0,1.0,0.0,0
2.8364262383116774,0.28281808290473975,1.202700806536146,-0.49474843052571216,-0.8656981808817654,0.33893852246206824,0.0,1.0,0.0,1.0,0.0,0.0,1
-5.221412205043082,1.1344422739666122,-0.42660498305909955,0.5539535059953238,1.2813338564645194,2.4274720443376094,1.0,0.0,0.0,0.0,1.0,0.0,1
5.478181377614095,-0.37660819065318685,1.1649444451881277,-0.5829938836640675,0.07477678913551145,0.1024228107189117,0.0,0.0,1.0,1.0,0.0,0.0,0
-4.5564663329726285,-1.196681502193245,0.9277423995512052,0.6203723939313579,0.45108728370382206,1.4618408593935994,0.0,1.0,0.0,0.0,0.0,1.0,0
5.7664592377017785,0.9328887067197655,2.57251743696973,0.44222206203659953,-0.2614212071730376,-0.740329365838712,0.0,1.0,0.0,0.0,0.0,1.0,1
3.7810220686814295,-0.054709345913485086,-0.7500017362485115,-0.06092305470793503,-0.6594976961732696,-0.04208605163638678,0.0,0.0,1.0,0.0,0.0,1.0,0
1.177242788020257,0.19317804107753567,-0.5074005764004252,-0.4413823123659498,1.677569449875411,0.6195652061255426,0.0,0.0,1.0,0.0,0.0,1.0,1
3.5515592433263103,1.4464328889535332,-0.3061190484599539,0.15154079576526616,-0.18819185705108066,0.3973283082628641,0.0,0.0,1.0,1.0,0.0,0.0,1
3.708522440458389,0.32163429148221634,-0.4902221500387753,0.5502537430336992,-0.44336987952712686,-0.7663886801111608,1.0,0.0,0.0,1.0,0.0,0.0,0
5.604941375396632,-0.22506184300169585,-0.890020749763603,2.0617991527316084,1.0961423663553396,-0.8095174571305996,1.0,0.0,0.0,0.0,1.0,0.0,0
-3.0990761753270517,-0.3900468964584066,-2.762675505673743,0.939420421798181,-0.7223603588673853,0.9882844031026585,0.0,1.0,0.0,0.0,1.0,0.0,0
1.1319270844927483,-0.24714212203786312,-0.4346994737231341,0.9759899498158413,-0.5947273437739967,1.191550812650145,0.0,1.0,0.0,0.0,1.0,0.0,1
-5.088761863987875,-1.1448027504639937,0.36935805969990443,3.0885121948602836,0.010246684016898003,1.51214355812192,0.0,1.0,0.0,0.0,1.0,0.0,0
1.4597812391795806,0.8842516752527154,-0.4932218455059107,0.5159584767678441,0.00027010408817970173,1.8039304832528678,0.0,0.0,1.0,0.0,1.0,0.0,1
-4.130675296932704,1.0131505745611233,1.9353811835291097,0.4846435113117023,0.2596113479032144,0.13461943632259646,1.0,0.0,0.0,1.0,0.0,0.0,1
0.8161934553919531,-0.6468085962797734,0.013375812715862578,0.7040150743216541,2.091669089395488,-0.3111992442315934,1.0,0.0,0.0,0.0,1.0,0.0,0
0.9101886831378986,-0.5886101447701677,1.2910290551841355,-1.0089659775882531,0.33624824635237044,1.3509909387784689,0.0,1.0,0.0,0.0,1.0,0.0,1
-0.4274431740286275,1.1230027690044397,0.26142041272996835,-0.4439016364187562,-2.3780539627508004,0.7130692818515867,1.0,0.0,0.0,0.0,1.0,0.0,1
0.28439927875887966,-1.4280889334161335,0.826407309893258,-0.506169266692334,0.3262989434315609,-0.9824552586675914,0.0,1.0,0.0,0.0,0.0,1.0,0
3.3165591326208417,0.06137233130168307,0.27924155393356226,0.6476139772195617,0.03787999448959883,-1.0336356655189114,0.0,1.0,0.0,0.0,1.0,0.0,0
3.760420012079475,-0.10897285595549688,1.3687846319035628,-0.17417456222119868,0.04345002435145766,0.4919302013563091,0.0,1.0,0.0,0.0,0.0,1.0,0
-0.09860560121013869,0.5703803087353793,0.05593935013240072,0.1382234254743028,0.2459473093961707,-0.17727466148399962,0.0,1.0,0.0,0.0,0.0,1.0,1
1.2515280969326537,-1.0098248995516366,0.4961207080887857,1.0874546201484645,-0.028678287674799376,-0.02642995474069754,0.0,1.0,0.0,1.0,0.0,0.0,1
5.419074360022962,0.5049922223854613,0.3663329336500437,0.8631507387041388,-0.052612093055389005,1.0725333647101947,0.0,1.0,0.0,0.0,1.0,0.0,0
-4.778568659087303,-0.3697979763753707,-0.2882854581273188,-0.16172100304124704,0.6130442097707861,0.7590371449850357,1.0,0.0,0.0,0.0,1.0,0.0,1
-4.811618497815765,0.35614433450892613,0.4049823189246768,-0.6699950968782225,-0.542080797194501,1.3298732484184317,0.0,1.0,0.0,0.0,1.0,0.0,1
-5.181001357289627,-1.3797149703816722,2.234386246197682,1.1352747316531886,-0.9476863356391756,-1.9315361063733665,0.0,1.0,0.0,1.0,0.0,0.0,0
1.9837685462194947,-0.11481840844647184,-0.270396942095442,0.7738911809098658,3.023781452622391,0.2533979172212008,1.0,0.0,0.0,0.0,0.0,1.0,1
-1.022798257200536,0.06675268194711637,0.4194648928532483,-1.6062568182953822,-0.7158574437812334,0.6946885223972068,0.0,1.0,0.0,0.0,0.0,1.0,0
3.4472245826942527,-0.8570207914350402,1.2577789508694428,-0.3131539389082808,0.10014291246007646,-1.526585856687684,0.0,0.0,1.0,1.0,0.0,0.0,0
2.151757400456288,-1.0811290374626379,1.1402532809442802,0.1655154620167624,-1.4956602508753674,-0.6548956413099721,1.0,0.0,0.0,1.0,0.0,0.0,1
-2.090569585082947,-0.9345770909630958,0.011716417719365251,0.7788297171210313,0.11646841505142191,-0.840485162328919,0.0,1.0,0.0,1.0,0.0,0.0,0
5.006021674507725,-0.4675767658099559,-2.3833887029573617,0.9101014949397712,-0.9332255506893351,0.021698171059916185,0.0,0.0,1.0,0.0,0.0,1.0,0
3.299076258273266,-1.2095695520850858,0.5167028186484662,0.2839060011754735,-0.44247294285001093,1.6278539686940638,0.0,0.0,1.0,0.0,1.0,0.0,0
-2.883542975568559,1.3419593871888134,-2.2194742586230527,0.585247531358856,1.0450646657711238,2.0225894046649007,0.0,1.0,0.0,1.0,0.0,0.0,1
-1.7066134370646733,-0.2850178155125481,1.469937230941231,0.06413680237815363,0.47200956837807373,-0.8142875530732823,0.0,1.0,0.0,0.0,0.0,1.0,0
-2.331815979961057,0.926908807520247,0.16947387119326057,-0.6738516881805606,0.5684095245748191,0.5265572504935742,0.0,0.0,1.0,0.0,1.0,0.0,1
-4.302578917417687,1.42325136932654,0.999674019871989,-0.261264391041254,-1.7712048383918628,0.5587978521423151,0.0,1.0,0.0,0.0,1.0,0.0,1
-4.426084677174495,-1.2577941599917826,-0.9021111381810512,0.018991186640108272,1.8368951698290128,0.38762577151474775,1.0,0.0,0.0,0.0,1.0,0.0,1
5.4805393398799565,0.4550084038049821,-1.5525074733000543,-0.034679250018589874,-1.191881310941875,0.39897963473923403,1.0,0.0,0.0,0.0,1.0,0.0,0
-0.7803208822159273,1.1142272602236418,0.2607543841411672,-1.8855729044434706,1.528560814293865,0.30374250245132806,0.0,0.0,1.0,0.0,1.0,0.0,1
-1.4662463503281775,0.4027033019001849,-0.03360343995614198,-0.3974833349294312,1.0215438659814862,1.6875701208064198,0.0,1.0,0.0,1.0,0.0,0.0,0
2.8863157400616637,-0.21292163592776192,-0.4915408261571657,0.05620565308915186,0.5773327417846801,1.1024665143680576,1.0,0.0,0.0,0.0,1.0,0.0,1
0.6659304979588598,-0.20677092708618516,0.08466128073276377,-0.281369991905701,-0.8549847809083815,-1.0601538975982672,1.0,0.0,0.0,0.0,0.0,1.0,1
5.480696714353848,-1.3923033419779234,2.76743589203226,-0.24682379551158573,0.15158984481952292,0.7957210808805493,0.0,0.0,1.0,0.0,1.0,0.0,0
3.5223724562239624,0.10380225386782593,0.8345255473690577,0.4879913708045874,-0.4709214106448598,0.8923733745114522,0.0,1.0,0.0,0.0,0.0,1.0,0
-0.2592497031467974,1.4806289903605423,1.049498605863319,-1.0789571870486339,0.029039571505291815,0.3149672871517889,0.0,0.0,1.0,0.0,1.0,0.0,1
-1.5537126791944416,1.3761225779158024,0.8439368915533556,-1.6280422139512112,-0.24987225908555988,1.1314243705027294,0.0,1.0,0.0,0.0,0.0,1.0,1
6.1151923461572055,-1.3788023134735106,1.4794621438521929,-0.3481697908366748,-2.0386105065724083,0.18807403429903718,0.0,0.0,1.0,1.0,0.0,0.0,0
2.7364558306921034,0.6173910108884645,-0.1900716729007449,0.7641144055017897,1.121784150984588,0.20046772107625074,0.0,0.0,1.0,0.0,0.0,1.0,1
5.669879316828047,-0.5947053999092076,-2.0547613076752937,1.6875530394866385,-0.08110715654936117,0.1212405446770433,1.0,0.0,0.0,1.0,0.0,0.0,0
-4.794339596008274,1.2089674602184102,-0.1885861330060098,0.78212823909474,-0.484800399502237,-2.018244085799669,0.0,1.0,0.0,1.0,0.0,0.0,1
4.404936125526255,-1.3646557628721645,0.8117357099965018,-1.4682637598688473,-0.5603272328297677,-0.080398393905874,1.0,0.0,0.0,1.0,0.0,0.0,0
1.722521227783189,1.3076223060332417,-0.9698003951150737,-0.23236723937677117,0.3584595763667682,-0.6682505744545707,0.0,0.0,1.0,1.0,0.0,0.0,1
-4.751072311295876,1.0124272313633307,-0.17636595048933035,0.2566343810815294,-0.8937563382944722,-1.1864479781925572,1.0,0.0,0.0,0.0,0.0,1.0,1
1.1090827372953276,-1.1474868532421953,-0.6917697430023131,0.1775911169235922,-2.2551755584740434,1.4340182847395226,0.0,1.0,0.0,0.0,0.0,1.0,0
2.3385558939001676,-1.3205269880481025,1.5020292518431304,0.539304552942874,0.40712980320827613,0.5042075185344578,0.0,0.0,1.0,0.0,0.0,1.0,0
-6.128585196751356,1.0041229929808075,0.7494570154065637,-0.9170489464607607,0.5191029979568217,-0.029831080944547807,1.0,0.0,0.0,1.0,0.0,0.0,1
-0.5740574219159105,-1.0327269870762619,0.651540620643959,0.06494308755074261,-0.1996318246776329,-0.5648033511024263,0.0,0.0,1.0,0.0,0.0,1.0,0
4.089090855424288,0.10469445892761153,0.6216013131209713,0.420322829776129,-1.1479028751900089,0.2961695846287402,1.0,0.0,0.0,0.0,0.0,1.0,0
-2.5715943304098494,1.2472345736361286,-0.037249252552126945,0.8256709533036595,0.08893554088928533,0.9914360933175131,0.0,1.0,0.0,0.0,1.0,0.0,1
-0.5209001667955074,0.20234434064797002,0.1975562825275035,-0.805718166612792,-1.4645323683135887,-0.8269658435469408,0.0,1.0,0.0,0.0,1.0,0.0,0
-0.7249020584776842,-0.3083000955815277,-1.1851845805323176,-0.345156867242898,-1.0272305966876594,-0.0048283722766100075,1.0,0.0,0.0,0.0,1.0,0.0,0
-2.489053807686541,-0.1649518354380234,-2.1864419787505676,-2.7038176800733402,-0.7506979365041612,0.8680664988511725,0.0,1.0,0.0,1.0,0.0,0.0,0
5.2582959396234115,-1.310648487888387,0.15008113034502407,-0.6214619675777742,0.8439390708915561,-1.93600112908413,0.0,0.0,1.0,0.0,1.0,0.0,0
3.534845100841109,1.4062569640847964,0.3239902562721444,-0.524414892971043,-0.3626109504369171,-0.05756976240540404,1.0,0.0,0.0,0.0,0.0,1.0,1
-4.893490348949388,-0.5680374447567517,1.2092645684253776,-1.019584508167443,-0.4478664117764606,-0.4292913705475386,0.0,1.0,0.0,1.0,0.0,0.0,0
6.245921718568144,-0.9319095249814385,1.5713358160823676,0.1656121502326517,1.9546925154112462,-0.13382985775503398,0.0,0.0,1.0,0.0,1.0,0.0,0
4.765168042425134,-0.6418580944788141,1.5699984849989468,-0.05594543204526823,0.3524624971887139,-0.501628556371903,0.0,0.0,1.0,0.0,1.0,0.0,0
-2.71548665643631,1.3931195846744366,-0.9980235932938778,-2.2592138775776114,0.33899451047482604,0.1376246052072956,1.0,0.0,0.0,0.0,0.0,1.0,1
4.233567278729328,-1.217141839535979,-0.3522650349497693,0.21550796930175647,-0.3697007452087749,1.923627220422718,0.0,0.0,1.0,0.0,0.0,1.0,0
-4.945878029077181,1.1019091215035441,0.48033429588137955,-0.9283241307890274,-0.5963716676367777,-0.323922473928551,1.0,0.0,0.0,0.0,0.0,1.0,1
6.271935018519128,0.6235316832043434,2.5319046777421774,0.48568895919051513,-2.1864064400171506,0.29171100909410663,0.0,1.0,0.0,0.0,1.0,0.0,1
2.082055799057039,0.9900575374770844,1.480099203713916,-1.2818512477286654,0.9687405319235582,1.9947464184091128,0.0,1.0,0.0,0.0,1.0,0.0,1
1.8865265839982799,1.4276926211036889,1.1193971619983802,0.03000653853094012,0.44830970575637913,-0.5500155783725553,0.0,0.0,1.0,0.0,1.0,0.0,1
-5.1466736132649,1.0264639665506157,-0.3877879555492906,-0.2831633288865059,-0.17916599321341334,1.814675348928969,1.0,0.0,0.0,0.0,1.0,0.0,1
4.989268836813695,1.3301470538335587,-0.8831996311551246,0.30310188495033036,-0.13722670183625574,0.005323006627107235,1.0,0.0,0.0,1.0,0.0,0.0,1
-5.918766802279927,-1.1191942296272406,0.7889078833832395,0.12469727765134685,0.7361442622610551,1.7818962258649262,0.0,0.0,1.0,0.0,1.0,0.0,0
-3.256850675498131,0.8873656955009102,-1.10066126423436,-0.25516417502145444,-1.554710073079853,0.7502011249463191,1.0,0.0,0.0,0.0,0.0,1.0,1
-4.485919417875039,0.1370270822431433,-0.23843635098030264,-1.5362723140442447,-0.5898813315538055,0.3071083625824217,0.0,1.0,0.0,0.0,1.0,0.0,1
3.4779685169113974,0.13048678523958201,-0.11477794900192263,-1.4772079634610316,-1.1363028628925305,-0.06563068188658654,0.0,1.0,0.0,0.0,0.0,1.0,0
-3.792477530689658,1.1967647289615408,1.592912089122808,-0.583886939092219,1.7715092824867462,-0.6240414398792106,0.0,1.0,0.0,0.0,1.0,0.0,1
5.1602321505501045,1.4154114559401338,-0.35469730295967755,-0.00827988392958697,0.8756555318533007,0.07579154996435276,1.0,0.0,0.0,0.0,1.0,0.0,1
1.96373466373911,0.6145149691295428,-2.4392496385726155,-0.608247947199117,-2.2026926411353642,0.8973614590200242,1.0,0.0,0.0,1.0,0.0,0.0,1
-5.828751284683458,-0.05118483158464826,0.5044446476624683,0.6252119305794656,-1.5137616266399756,-0.013111430996670575,0.0,0.0,1.0,1.0,0.0,0.0,0
-6.21495199914384,-0.13078842629446397,-0.6990218531039264,-0.2792209192116837,-0.1323456733574863,-0.3166228050618577,0.0,1.0,0.0,0.0,1.0,0.0,0
-5.634032776810839,-0.3409756283304546,0.042631024437746814,-0.9650127247795103,-0.4724402120724247,-0.2507825341777729,1.0,0.0,0.0,0.0,1.0,0.0,0
1.3310950397131802,-0.41520291128201203,-0.08670470084212364,-0.27809629298790933,-1.3243822080768883,0.9924766135830533,1.0,0.0,0.0,1.0,0.0,0.0,1
3.788532168747546,-0.3254794749467058,-0.2737039958177683,0.22585983631655238,1.9447622376504894,1.2251614550998557,1.0,0.0,0.0,1.0,0.0,0.0,0
-3.285442152075077,-1.2307402942464143,0.7903405817847039,0.3248847188245844,0.3125399139825792,-0.6671505137683704,0.0,0.0,1.0,1.0,0.0,0.0,1
4.390801016105744,-1.2676917442186855,-1.5328648783527072,1.8783791319931293,0.4748163228630915,-0.6685878574474897,1.0,0.0,0.0,0.0,0.0,1.0,0
-5.563987536234892,0.8396095316169352,-0.5170142249543602,-0.6689093400034194,-0.6920149492322138,0.3793589196671123,1.0,0.0,0.0,0.0,0.0,1.0,1
3.782023326387055,-0.16178132123932165,0.6840379131173813,-0.07347866159040038,0.7222741471780024,1.5275320647572548,0.0,1.0,0.0,0.0,1.0,0.0,0
5.375835922674086,1.2920534656338614,-0.6140847753443682,0.4261239468194264,-0.3804327609820118,1.14599030831256,1.0,0.0,0.0,1.0,0.0,0.0,1
3.4194149904256057,0.33666302578185736,-1.6088067092699718,-0.023422959200815323,-0.2833431737074994,-1.2518522121799116,1.0,0.0,0.0,1.0,0.0,0.0,1
2.489659197882948,-1.3944720534467407,0.6685553432567358,-0.5006181459886532,0.6110019598252598,-0.2640759699918621,0.0,0.0,1.0,1.0,0.0,0.0,0
4.247184687945694,-1.0274299760475616,1.123094630441539,-1.5492571763442435,-1.6289975650602997,-0.9306035546895123,0.0,1.0,0.0,0.0,1.0,0.0,0
-5.778629196422998,-0.8825406209609773,-0.04499520764300634,-0.5108345590530156,1.5970278598509826,-0.26751252191525826,1.0,0.0,0.0,1.0,0.0,0.0,1
-3.7475165205362795,1.4272080731689818,-1.9608455984695325,-1.073702412717801,0.1823892147238758,1.6044099960353544,0.0,1.0,0.0,0.0,1.0,0.0,1
-4.713348054515524,-0.8438873215450954,0.7059697466988162,-1.7266066811237784,1.2809442087804244,-1.4226006487830172,1.0,0.0,0.0,0.0,0.0,1.0,1
0.056938102015095506,0.047267028864153904,-1.659887881419688,-0.7956788416705864,-1.0754197566188184,-1.6188652932801901,1.0,0.0,0.0,0.0,1.0,0.0,0
3.0811248908213176,1.3085307949205882,0.3087992768481657,-1.0470917207664545,-0.9231651240281931,-0.8285541534336024,0.0,1.0,0.0,0.0,0.0,1.0,1
1.6337770232034885,1.431578189743072,-0.8874638247421598,0.5837865452929482,-1.1619002215998122,0.2873106025759928,0.0,1.0,0.0,1.0,0.0,0.0,1
4.412443533835999,-0.7909186938493663,-1.1598392857669653,0.6010918374142937,0.2502976726648389,0.6207548206407568,0.0,1.0,0.0,1.0,0.0,0.0,0
-4.332721320001109,-1.3526470687498797,-0.4419100170796902,-0.9038792895808748,0.06598330191824608,0.4374484348615332,0.0,0.0,1.0,0.0,0.0,1.0,0
2.948335595202876,-1.0391945023867244,-0.18329755642725984,-0.2602286305631211,-0.4644118192311805,1.1756854032310164,1.0,0.0,0.0,0.0,1.0,0.0,0
-3.8573543889725053,-1.3100145638923257,-0.6442082503864482,-1.8582426621125354,-1.0140691928852794,-1.7630855942339292,0.0,0.0,1.0,0.0,1.0,0.0,0
-2.880730491038998,-0.9146272767229908,0.5887032782151507,-0.4943399501826941,-1.2665962697308424,1.188336538358937,0.0,1.0,0.0,0.0,0.0,1.0,0
2.637740219731735,0.20570914411120622,-0.44606937845883377,0.3989819007023456,-0.04848390047065598,-0.3120953200462915,1.0,0.0,0.0,0.0,1.0,0.0,1
6.034431297825462,1.2373463888869254,0.980190871671822,0.8249378896141027,-0.4655867795886001,0.7314943098048676,0.0,0.0,1.0,0.0,1.0,0.0,1
1.4016982923699053,0.11165665108302003,0.28117316564347944,-0.7130470816913138,-0.6856069923582623,-1.3234254267632044,1.0,0.0,0.0,0.0,1.0,0.0,1
-5.59831415039965,0.3779686700972422,-0.697557206596308,1.0518548605275198,1.5470894861316096,0.004956697009070176,0.0,1.0,0.0,1.0,0.0,0.0,0
1.461581621883733,-0.8943982451713767,-0.8659398838322859,-1.5156919215134717,-0.08232567819273391,0.23627077058901358,0.0,1.0,0.0,1.0,0.0,0.0,0
-5.750992580300672,0.9017508620215504,-1.6474962990474387,-1.2476277991437925,1.2700429339269252,1.1557510374984181,1.0,0.0,0.0,1.0,0.0,0.0,1
4.827317378952072,0.35336672551674964,0.2907331778668224,0.7096618656378763,-0.5332521826826966,-1.5852546226077653,0.0,0.0,1.0,0.0,0.0,1.0,0
2.633638403296229,1.0924104875781744,-0.3545875472513581,1.6711212285632473,0.24477628379865687,0.03075254853490416,1.0,0.0,0.0,0.0,1.0,0.0,1
-4.107596625368554,1.3465293210173523,-2.3721955280635143,0.4934319881836954,-0.055476016256334894,-1.085235291142143,0.0,0.0,1.0,1.0,0.0,0.0,1
-5.130585154870917,-0.45629767273022315,-0.5357148727694001,-0.040342386534012425,-1.6976223095181227,0.5054960442082751,1.0,0.0,0.0,1.0,0.0,0.0,1
-3.9768387330194894,-1.228262824393682,-0.901034029254952,-2.1951837465222086,1.4283383062639128,0.7772165364561262,1.0,0.0,0.0,0.0,1.0,0.0,0
6.032199443243519,-0.8222131262496526,1.5756775921706603,-2.0224470560434793,-0.13515360703241588,1.2871702425080878,1.0,0.0,0.0,0.0,0.0,1.0,0
-0.5207423248875567,-0.18647530297248838,-1.7027786118933097,0.12940953689586895,0.7464182196329605,-0.5350294543083745,0.0,0.0,1.0,1.0,0.0,0.0,0
3.569866481336755,1.3370809554734198,-1.4413507997340538,-0.35806266957117455,-0.7520287224615594,0.9272264856887904,1.0,0.0,0.0,0.0,1.0,0.0,1
1.71415778181662,-0.3650705328797542,1.1099696431056998,-1.105835182152118,-0.16484438157976464,1.3609015874770531,0.0,0.0,1.0,0.0,0.0,1.0,1
0.9099704797334045,0.81231964099611,1.3567631574639631,0.06553258083005072,-0.8668523599233547,-1.6432469698554668,1.0,0.0,0.0,0.0,0.0,1.0,1
-4.459424739702243,0.121430076512265,-0.7449829387256415,0.11513136750780958,1.2359984827633934,0.6123449200984505,0.0,1.0,0.0,0.0,0.0,1.0,1
5.604908586478053,-0.9515736887070704,-0.6320858228089109,0.9444158685402726,0.3114093474506757,0.958511253780106,1.0,0.0,0.0,1.0,0.0,0.0,0
-2.496402105093,-0.5377976431396452,0.6162353965533128,0.13660228301270078,0.36705352668088814,-0.2587263863874374,1.0,0.0,0.0,1.0,0.0,0.0,0
0.9803932481380159,0.459575655068456,-2.32709979694531,1.2283943683343845,1.358184147104979,-1.2107735775251085,0.0,0.0,1.0,0.0,1.0,0.0,1
2.5104585595398867,0.5185601840546804,-1.8611936845055561,0.007994029548813363,1.156341296899023,0.9429557561096632,0.0,1.0,0.0,1.0,0.0,0.0,1
1.87531913676275,-0.1957207595728615,-0.28073340085071186,-0.11533499480733611,0.7653425361362853,-1.1995088275577568,0.0,1.0,0.0,0.0,0.0,1.0,1
5.536672642848689,-0.8140631920136561,1.549890566129126,1.0643121862471823,-1.4217273470374627,-0.17835143451090235,0.0,1.0,0.0,1.0,0.0,0.0,0
-4.417845946223012,0.665720338538029,-0.4357300881667396,-0.9784408800414345,-0.6956791195166836,-0.040124057803329026,0.0,1.0,0.0,0.0,1.0,0.0,1
0.10496360696908084,-0.9933808751618557,0.10093679173515462,2.8144474532661614,-1.0038881360113527,0.7155380517039994,0.0,1.0,0.0,0.0,0.0,1.0,0
-1.205939412184313,1.3100090755953797,1.133789272564012,0.3752574781667358,0.7275336936257992,-0.6266315595125326,0.0,0.0,1.0,0.0,0.0,1.0,1
-0.3246053187611901,-0.9362892628905699,2.106884733278146,0.3808292528376731,0.1706519417500514,-0.684583688827855,0.0,1.0,0.0,0.0,1.0,0.0,0
-4.7850536892516535,-1.1780629115024386,-0.5768484731483126,0.5250959739725976,-1.3905124336305947,0.09891547876311091,0.0,1.0,0.0,0.0,0.0,1.0,0
-4.598102742130511,-0.007056892903863576,-0.016836723733426057,1.8771364753316424,-0.18874421301122754,1.0063904776197492,0.0,1.0,0.0,1.0,0.0,0.0,1
-2.7887849401021048,0.0586487943290821,1.8220552213428425,0.7925074116726066,-1.4941123357187784,2.287450000653147,0.0,1.0,0.0,0.0,1.0,0.0,1
-2.4541543284195204,0.024578744334734393,-1.5221992751914284,-1.6050559790039236,-0.05315648806975988,-1.5074811997787745,0.0,1.0,0.0,1.0,0.0,0.0,0
-0.905994936984416,-0.18999753198348157,1.0275810705538218,1.4034703847675043,-1.6553725039871847,0.3153420177865781,0.0,1.0,0.0,0.0,0.0,1.0,0
1.394710649640892,1.484444678488825,-1.0183155323612583,-0.3408965794450173,0.5288274933846129,-1.0865350262342919,0.0,1.0,0.0,0.0,0.0,1.0,1
1.6917993849619708,-0.041158161988254394,0.10247236710315673,0.10715507283932346,0.37796262603407355,1.0188112432067427,0.0,0.0,1.0,1.0,0.0,0.0,1
-1.1082169576537724,-0.06616025778050705,-0.24261904740027426,-1.2792539721752665,1.9079484933468815,-0.938544547309233,0.0,0.0,1.0,1.0,0.0,0.0,0
-1.146265253208437,-0.2347018118563161,-0.9580116007012293,0.5262020181238957,0.8478732894973424,-0.6746482181823238,0.0,0.0,1.0,0.0,1.0,0.0,0
-3.5483845844486024,-1.2995227358956112,-0.9831019276582751,-0.6513742900675522,-0.42291425582250275,-0.5892708590639962,0.0,0.0,1.0,1.0,0.0,0.0,0
1.1096890450712626,0.27886989344884816,0.2764143642537545,0.10016963799347375,0.818070093274486,-0.07619893871980389,0.0,1.0,0.0,0.0,0.0,1.0,1
-2.2991317156529956,-0.8160966833304527,0.9955393281626821,-0.284099005360783,-1.3976638809451785,0.32319759685870747,0.0,1.0,0.0,1.0,0.0,0.0,0
-5.830044065357861,0.41282694068714965,-0.1297362031885032,1.9250128017358519,-0.9624726036810854,0.4837013936085136,1.0,0.0,0.0,0.0,0.0,1.0,1
-1.0254152872402358,-1.3474996141545685,0.07011315873321637,1.9822603001455896,0.33314253207511,-0.0057675461827832435,0.0,1.0,0.0,0.0,1.0,0.0,0
-0.3250583916189647,1.4441613037590049,0.5711740662910472,0.046513170214741384,-2.1582496627479273,-1.3298910224405813,1.0,0.0,0.0,0.0,1.0,0.0,1
-3.4483017173691874,-0.09298476296198344,-0.9716187730129598,0.06397771136885474,-0.037160784933883036,0.7277861503101892,1.0,0.0,0.0,1.0,0.0,0.0,0
0.9105332415629567,1.1902661147720952,0.739692508412923,-0.37344296634951507,-1.0202632921184207,-0.05295866366302793,0.0,0.0,1.0,0.0,0.0,1.0,1
0.8265140768382486,-0.07331648030119564,0.819343097059747,1.1060062915027862,0.10130705515326355,1.1617347900146988,0.0,0.0,1.0,0.0,1.0,0.0,1
2.5384342727418305,-1.3190075442773348,2.60362629875041,-0.32891987033337716,-1.0777363580472634,-0.7077387794799367,0.0,1.0,0.0,0.0,1.0,0.0,0
1.8591754591723268,0.9666406382814208,-0.3761041905595823,-0.4213372746456993,0.42424813745518875,-1.6022747273509945,1.0,0.0,0.0,0.0,1.0,0.0,1
1.915530282122842,0.444551189001403,-0.4580818016681276,0.9785928636649645,0.01932742366738962,-0.03402600268307527,0.0,1.0,0.0,0.0,0.0,1.0,1
-2.309521081853421,0.8452711427218355,0.7689658715737455,-0.5382990953166494,1.4003659168813305,1.295952688284265,0.0,1.0,0.0,0.0,0.0,1.0,0
3.611979827984253,-0.21549040947338005,0.8191041689121383,-0.03775503444853058,0.006734534101622121,0.1609421366160508,0.0,0.0,1.0,0.0,0.0,1.0,0
0.6175665379278065,0.4138102327399348,-0.535087153376712,-1.5813107815109928,-0.7686428049614663,-0.19966979917285654,0.0,0.0,1.0,0.0,1.0,0.0,1
-0.8618243767711452,1.0686870113898226,-0.40316267693004887,0.7041903451231669,-0.2468858558272829,-0.8703470176574332,1.0,0.0,0.0,0.0,0.0,1.0,1
1.5835195375401954,0.39319632861566245,0.5411308382180404,1.9408669391818687,-1.3442363970167315,1.7577664666808224,1.0,0.0,0.0,1.0,0.0,0.0,1
-1.751031577690803,-0.4569790954922901,-0.8275842407346614,0.7212253727997919,0.40613725470544,-1.0296025948847793,1.0,0.0,0.0,0.0,0.0,1.0,0
0.1600860690755003,0.48758878309859954,-0.4105339880150149,1.461799167547305,0.5898502463152723,-0.72539425762824,1.0,0.0,0.0,0.0,1.0,0.0,1
2.9745314079946295,0.515562565842202,0.08959276736843465,-0.8461021361773309,2.469196036692818,0.5700341960840228,1.0,0.0,0.0,0.0,1.0,0.0,1
4.855681881028357,1.381760887519875,0.9959386848222581,0.2363242820282007,-0.6218359906044048,-1.8560206898867897,1.0,0.0,0.0,0.0,0.0,1.0,1
5.291160791054729,-0.3872630353749924,-0.6045986161795408,-0.9431599243693896,-0.2677945736751827,1.2745906653813397,1.0,0.0,0.0,0.0,0.0,1.0,0
0.045652684265063345,-0.22475469745760646,-1.842384462030672,-0.22776554558134285,-0.5757585244382156,0.6241931142173556,1.0,0.0,0.0,0.0,1.0,0.0,1
0.2547846060786479,0.9363688835611775,-1.916597467518211,0.7722114773525048,0.21211370113122407,0.8992310718111097,1.0,0.0,0.0,0.0,1.0,0.0,1
3.7682827179384892,0.017286944228223744,-1.2594130667061334,0.10182061310329862,0.38169053447961365,0.5581170119496541,0.0,1.0,0.0,0.0,0.0,1.0,0
-2.331681374780341,0.7097192793471991,-1.3131677181999373,-1.4126410226012216,-0.05337484442851077,-0.16112351745637007,1.0,0.0,0.0,0.0,0.0,1.0,1
4.239671803976148,-0.1208716066392238,-0.15461075861990903,-1.3150291055377534,1.0863259168730321,-1.063148710155423,0.0,0.0,1.0,0.0,0.0,1.0,0
-0.07361824105197896,-0.8535145745618986,-1.188880153597605,-1.3811639314907738,-0.6169795037547775,-0.14007544122496063,1.0,0.0,0.0,1.0,0.0,0.0,0
-4.827286771016959,0.7356115283430325,-0.7027549598212041,0.4914525899395903,0.9861740478907121,-0.9752363117526348,1.0,0.0,0.0,0.0,1.0,0.0,1
-5.377663358906361,-1.1065344924458702,-0.7740858849820498,2.0638945356566682,0.5384978536410825,0.4861553100763835,1.0,0.0,0.0,0.0,0.0,1.0,0
4.297613437516644,-0.9042490094060758,-0.4405078608479934,1.3624582440002129,-0.012029919898946523,0.8067798305481017,0.0,1.0,0.0,0.0,0.0,1.0,0
-5.584898269059844,0.38047494835262585,1.3225043315231224,-1.8959851991460643,-0.31493664075714545,1.4768086311982076,1.0,0.0,0.0,0.0,0.0,1.0,1
-2.7569180020964867,0.7418094005762094,0.6619475894305167,1.421075938069784,2.4266677587313694,0.3717676405528632,0.0,1.0,0.0,0.0,1.0,0.0,1
-2.0843833848463205,1.184063660603445,0.016129415276003874,0.9364004170146472,-0.8170086507420794,0.9245753565951862,1.0,0.0,0.0,0.0,1.0,0.0,1
-4.109272994676574,-0.6822405077523249,-0.4610262805808381,-1.5452999455287577,0.29793317696841465,-0.2971447372301422,0.0,0.0,1.0,0.0,1.0,0.0,1
-2.338684888857692,-1.167827224198337,-0.4332326566230212,-0.3032016167104975,-0.7502190702421325,-0.47827713800819477,1.0,0.0,0.0,0.0,0.0,1.0,0
3.0497647388175193,1.3681399785678874,0.3277464699519495,1.0955224114958095,1.7856207486213058,0.47367189081680144,0.0,1.0,0.0,1.0,0.0,0.0,1
-6.09867525333108,-1.0367307359335727,0.5841690733522902,0.5504335109347853,0.8868263287992036,-0.3864728727169088,0.0,0.0,1.0,0.0,1.0,0.0,0
4.111382507696013,-0.9069990532360814,-0.9076175061006004,-1.3090950523879856,-0.6783498788411441,0.2691857888276577,1.0,0.0,0.0,0.0,0.0,1.0,0
4.480514606055169,-0.6260116393246028,0.03648075561423148,0.6107421557961942,0.5125949934312284,-1.061192189335421,1.0,0.0,0.0,0.0,0.0,1.0,0
-1.605208412970199,0.08817406207886236,-2.031619568663027,-2.1375005960805877,0.2576957212765554,-0.8816276824763011,0.0,0.0,1.0,0.0,1.0,0.0,0
-4.352828686437503,1.148476698102234,0.21171378417059702,-0.22282217575721136,-0.5166247619747387,0.6354093010182902,1.0,0.0,0.0,0.0,0.0,1.0,1
1.2671979391410555,0.7816380681896008,0.762149241958686,1.1379567694000488,0.7581642172281733,0.8866900754060961,1.0,0.0,0.0,1.0,0.0,0.0,1
-4.779335617813722,0.6244726615279054,-0.2800686268808754,0.018394215571319834,0.38930539110441015,-0.9856561689666805,0.0,1.0,0.0,1.0,0.0,0.0,1
-1.6974733715151096,-0.974458296431989,1.8165269961401054,-0.4989375499619459,0.21569871388595227,0.6706143105064207,1.0,0.0,0.0,0.0,1.0,0.0,0
5.760790987638725,-0.4269521054220773,-0.8812384474360504,0.8893462537723492,-0.04191971124232876,-0.5327356730352747,0.0,0.0,1.0,1.0,0.0,0.0,0
6.226190188733984,-0.06478522173996615,0.21744041530326128,0.9747518150865815,0.43105449259965123,0.016505176200309918,0.0,1.0,0.0,0.0,0.0,1.0,0
3.4193709107416597,-1.0577221395432423,-0.035824746665955476,1.3100396928669502,0.22938766149245945,1.416944415790647,0.0,1.0,0.0,0.0,0.0,1.0,0
-2.3755277267145116,-0.6797108936199825,-0.10029766744340833,0.8743424284463873,0.05909333302501734,0.8074872340229485,1.0,0.0,0.0,1.0,0.0,0.0,0
2.3582685591830543,-0.5750003881414673,-0.11432216800474763,1.0813747939371465,-0.6410159159875635,0.7958719880221928,0.0,1.0,0.0,0.0,0.0,1.0,1
2.5812125152206176,-1.1181714050128821,0.10710503000947168,0.7329085574375346,1.6937662407624925,1.9087903584569665,0.0,1.0,0.0,0.0,1.0,0.0,1
-1.40942282605185,0.15071907572477283,0.8479587434636998,0.26552864911647195,-1.050419943348547,-0.7038793410497978,1.0,0.0,0.0,0.0,0.0,1.0,0
1.770458797560701,0.6150845895725787,1.3777362362747443,0.08950899976381409,0.427636218879745,-0.9858749749925457,0.0,0.0,1.0,0.0,0.0,1.0,1
-6.148377744595971,-1.2902051055694164,-0.0022502445041573905,-0.237259719097402,-0.3202407423014329,-0.7221222702285907,0.0,1.0,0.0,0.0,1.0,0.0,0
-3.656089289413647,-0.05663069471055071,0.8153160721716332,-1.2123682930597257,1.7595472694492997,-0.25450105340661505,0.0,0.0,1.0,1.0,0.0,0.0,0
0.31526891317193073,0.8466335858033851,-0.7017669462667825,-0.9553115088198088,-0.9034825372238406,-2.3545506142918935,1.0,0.0,0.0,1.0,0.0,0.0,1
-4.225425729285149,0.7439703868573406,0.765955452726233,-0.28201448193520967,-0.7352632617603321,-0.20742823669681038,1.0,0.0,0.0,0.0,1.0,0.0,1
-4.198338117975545,0.9452192886562624,-0.7619915238269903,0.2414521596024293,-0.9698180632618253,-0.5445707318949119,0.0,1.0,0.0,0.0,0.0,1.0,1
4.226124354253419,-0.15527810048817892,1.0906599360881322,1.4408125980042632,0.3234650509506103,0.783759767397799,0.0,0.0,1.0,0.0,1.0,0.0,0
6.146626591436526,0.9616712479195821,2.2106408773932396,-0.04179722787551253,-1.3730506595686418,0.35241937901004006,1.0,0.0,0.0,0.0,1.0,0.0,1
0.7033325756791846,-0.7777407863571916,-0.12208388797139179,1.003476290877664,-0.47852849475776627,-0.600696627769337,1.0,0.0,0.0,1.0,0.0,0.0,1
4.260875902370636,-0.417568315747454,-2.1925434908074086,1.0793156564321207,-2.152365822854285,0.5899608453629039,0.0,0.0,1.0,0.0,0.0,1.0,0
6.161563754173353,-0.9709332707465961,-0.548072933244823,-0.231446797688791,0.24042135412809051,0.7232630598237696,1.0,0.0,0.0,0.0,1.0,0.0,0
-4.50383889395486,-0.09754638171428454,1.2318751342893033,0.5946902113701839,-0.5002148587562626,-0.7685457897914107,1.0,0.0,0.0,0.0,0.0,1.0,1
-0.6503648047647024,-0.32381993275367027,0.5530767870252449,-0.2435280417248615,-1.488056743931853,-0.49302425538241845,0.0,1.0,0.0,0.0,1.0,0.0,0
-1.3499710668245106,-0.7772186507570634,0.24891359867502955,1.3221358940784769,1.0856094029740586,-2.2253631870979826,1.0,0.0,0.0,1.0,0.0,0.0,0
-5.277256341467664,0.7553421276923447,1.008668355954839,0.6358433382659322,-1.3076668983849393,-1.0906599743692849,1.0,0.0,0.0,1.0,0.0,0.0,1
3.2085735803671267,-0.5584596836650603,0.484453439248422,-1.1904837546883553,0.7969436900282153,-0.7424695604235784,1.0,0.0,0.0,0.0,1.0,0.0,0
-0.8321572851076491,-0.6815870095624929,1.2177251874511363,0.16152465215384673,-0.7010408239878044,0.07416617660602177,0.0,0.0,1.0,0.0,1.0,0.0,0
-0.3854491128420464,-1.1073290074485147,0.9194236766469855,1.6481121618238797,1.601571377895426,-0.9453826793598152,1.0,0.0,0.0,0.0,0.0,1.0,0
-4.389772876674775,-0.18353489459415395,1.5217004527369589,-0.18123103454670117,0.7495505389261462,-0.513451987049109,0.0,1.0,0.0,0.0,0.0,1.0,1
-4.009593941231223,-0.5911061134880939,0.35879608390625434,0.44771503009506813,-1.0080478708740281,-1.225330681582599,0.0,0.0,1.0,1.0,0.0,0.0,0
5.115814994463039,-0.3921814759770942,0.9052594014939547,0.5458788377391453,-0.9170825522103063,0.17111389853127063,0.0,1.0,0.0,0.0,1.0,0.0,0
-5.7221083075353,-0.792008212138342,-0.3071270730857854,-1.0366228991646005,0.60552520522431,0.4257145945849076,0.0,1.0,0.0,1.0,0.0,0.0,0
-3.3570771961766073,0.7894664694597013,-0.6014608115590059,0.5107079492135139,-0.2623781307101668,0.40236534841982236,0.0,1.0,0.0,1.0,0.0,0.0,1
-2.613059521065678,1.290010042064152,1.7067676404189733,-1.3938351520346257,-0.16934250702136555,0.01236113190525933,1.0,0.0,0.0,0.0,0.0,1.0,1
-0.12318131511320624,-0.00620444163333711,0.21620467632268803,-0.6256241064013961,1.2722388617720979,-1.5410729965013943,0.0,1.0,0.0,0.0,0.0,1.0,0
1.086302081926326,0.4289952700224977,0.804880565862379,1.075722967494192,-0.7486888733699565,-0.6199536638928509,0.0,0.0,1.0,0.0,0.0,1.0,1
-0.08432065029182384,1.1015168298201181,0.12374001441139017,0.356756290308358,0.09129377217545448,-0.4073066723184845,0.0,0.0,1.0,1.0,0.0,0.0,1
-5.226160838786993,1.496488912000976,-0.5865156509199643,-0.304477807746527,0.954627793652306,-0.4032953129206253,0.0,1.0,0.0,0.0,1.0,0.0,1
-3.2211697728581536,0.34054945418949634,0.010982892582401323,0.44646102124518744,0.8091174883856003,0.07498121798983637,1.0,0.0,0.0,0.0,1.0,0.0,0
4.31765898171513,1.169338399619606,1.4359940177677142,-0.060092247755131445,-0.1596126675206725,1.4255413723710189,0.0,0.0,1.0,0.0,0.0,1.0,1
1.7289906025603736,1.225824739666926,0.555240074279424,0.012578502351833248,-0.2889058808526582,0.8120962126845997,1.0,0.0,0.0,0.0,1.0,0.0,1
1.8742622407669285,0.8743544634228669,-1.711473159730459,0.6568185267201376,-1.7388154625209316,-0.9875177798486946,0.0,0.0,1.0,0.0,0.0,1.0,1
2.1388371865155373,-0.11720582678066938,-0.2152444565761547,-0.7273677406591319,-1.0562449926651958,0.6784028752966336,1.0,0.0,0.0,1.0,0.0,0.0,1
3.303736772884648,-1.256537998728302,1.782293792704712,0.040336405554690695,0.3183592265747336,0.6403023676657362,0.0,1.0,0.0,0.0,1.0,0.0,0
-5.552972590030163,-1.4525833336795984,-0.21379686184995605,-0.3122681946066529,-0.1378821889422362,-0.8060674729515649,0.0,0.0,1.0,0.0,0.0,1.0,0
-1.67624847178473,-0.06839810015122616,-1.8004786917341806,-1.5856033746002556,0.07492707856622638,0.848865922635439,0.0,1.0,0.0,0.0,1.0,0.0,0
0.4967164009333435,-0.017056399396146782,1.8930488854225436,-0.9204557562492998,1.0392536096340605,-0.16037663594526336,1.0,0.0,0.0,0.0,1.0,0.0,1
-2.0300157012327222,-0.2779128364110831,0.6823925098127926,1.5682064470638322,-1.1873231090622745,-1.4099534900144448,0.0,0.0,1.0,0.0,1.0,0.0,0
4.328849190543657,0.2045020538740936,-0.0700128588128004,0.38472331458523407,-0.23618030223264996,0.45520272463714184,1.0,0.0,0.0,0.0,0.0,1.0,0
-0.21900031597062616,0.15648810991328121,-0.37141773608206863,-1.3235883014013892,0.1887109634112177,0.2169618236145243,1.0,0.0,0.0,1.0,0.0,0.0,1
3.375673846388482,1.0098391230980788,1.0823519297917354,-1.5403543758484106,-0.704159937574516,-0.22767762918582773,0.0,1.0,0.0,0.0,0.0,1.0,1
4.423557447133978,-1.1740286902132127,-0.5419834002261925,-0.11216390011058394,1.431477113927417,-0.03745308498329951,0.0,1.0,0.0,0.0,1.0,0.0,0
0.06021154995772249,-0.8244670016833636,1.1482564245159883,1.5611865331764823,0.9085868016131475,-0.719085478888462,0.0,1.0,0.0,0.0,1.0,0.0,0
5.146585282429793,0.8790149368788912,0.542195285724256,-0.18675813480435263,0.2901333270887555,0.6101305037971094,1.0,0.0,0.0,0.0,1.0,0.0,1
1.0948317261710887,1.0435106016709637,0.24468192548734993,1.306999553404016,1.7942317793285865,-0.04345063450892596,0.0,1.0,0.0,1.0,0.0,0.0,1
4.401676655829344,1.4844726408626034,0.14551480533559535,0.3519307708186574,-1.4988952796101422,0.16644884394822793,0.0,0.0,1.0,0.0,0.0,1.0,1
-2.003195141937044,1.1187360491612526,-0.17496803671417813,0.47125045784589364,-0.007726281105681772,0.3571419244288725,1.0,0.0,0.0,0.0,0.0,1.0,1
-0.014866537545512433,1.1696970212169933,1.0456401202092658,-1.3357205093045694,0.36633696893406104,-1.154585614426325,0.0,1.0,0.0,0.0,0.0,1.0,1
0.39472278264635624,-0.5569561721102855,-0.8653428321018342,0.9375229217497576,-0.9145550467939221,-0.894283021882052,0.0,1.0,0.0,0.0,0.0,1.0,0
-4.963971290239431,-0.29501509797187087,-1.6219251268302093,-0.3349320372736072,0.30071454181772833,-2.2099444596162092,0.0,0.0,1.0,0.0,1.0,0.0,1
-1.2748267986861588,-0.6957446855383469,0.6144401228924746,0.8630924536109083,-1.106582493787878,0.564742258490407,0.0,1.0,0.0,0.0,1.0,0.0,0
5.244419864618433,0.31889819457814683,0.6312383280671477,-0.814169981986113,0.6905573182742532,-1.2122100237467663,0.0,0.0,1.0,0.0,0.0,1.0,0
1.6440864207302748,1.3164160626211152,0.4802411525117667,0.1770493475099125,1.0578347681289066,0.1325697098956523,1.0,0.0,0.0,1.0,0.0,0.0,1
-4.052571805788354,-0.4660773404651468,0.4077283696180388,0.3520029539376315,0.2723334011283283,0.3709882249395528,1.0,0.0,0.0,0.0,0.0,1.0,1
-2.024999805345047,0.17100534564435066,-0.32054037833754784,-0.15403331657586652,-1.8527978150649458,0.6023528388925202,0.0,0.0,1.0,0.0,1.0,0.0,0
-3.8754308769314587,-0.6111011086395448,0.7874827043855253,0.4045451930861567,-0.9667935211660346,-1.2040169138360592,0.0,0.0,1.0,0.0,1.0,0.0,1
-5.9712486331896395,-0.9906000786818775,-0.04555812675454088,-0.26639707519250877,0.5647100032131608,-0.06516161814069105,0.0,1.0,0.0,0.0,1.0,0.0,0
5.371626544545499,-0.914443410544033,-0.4871135608151781,-0.6490597530412794,0.021198643512365802,1.670280420787749,0.0,1.0,0.0,0.0,1.0,0.0,0
-0.6508459082320008,-1.3261639663856102,-0.3118913122553999,1.6054833827939645,-2.694002617692488,1.7143146799843163,0.0,1.0,0.0,1.0,0.0,0.0,0
-2.418585610226199,1.3478805690277722,2.020639698775832,1.0489528663614422,1.2428303838682404,0.9873230940269508,1.0,0.0,0.0,0.0,1.0,0.0,1
1.2375008861757604,-0.2913611744771112,-1.7349760820454327,-0.7608647450481768,0.13665650625383235,0.3374931388188395,0.0,0.0,1.0,0.0,1.0,0.0,1
-6.19126913855902,1.0023626760063244,0.49978810429579884,0.5684443055946129,-0.819074664000045,-1.0051063888453775,0.0,0.0,1.0,1.0,0.0,0.0,1
-2.789456476648886,0.5439884180690734,-1.6791104276237172,-0.742678854701153,0.9949555975666642,0.718621625391053,0.0,1.0,0.0,1.0,0.0,0.0,1
2.5513937770900648,-0.9242365157667438,-0.10823333832297323,-1.1846846436623242,-0.6775400129068989,-0.15802122874684088,1.0,0.0,0.0,0.0,1.0,0.0,0
1.681000545387081,-0.9736132602627365,-0.4336274851541877,1.0338094413989762,-0.6884521176042147,0.5605282752728444,1.0,0.0,0.0,0.0,1.0,0.0,0
6.0545521010219945,0.9359646045316345,-2.085028296679878,-1.7040996256474057,0.3583526510140362,-0.6328434548521167,1.0,0.0,0.0,0.0,0.0,1.0,1
1.5124595858584178,-0.7058648681413879,0.389037590433763,0.9268559135765412,1.7810384592422948,-0.17293311283992888,0.0,1.0,0.0,1.0,0.0,0.0,0
-0.2826695286401405,1.2398555511059273,-0.3800380621921959,-0.2527223125730585,1.6235871779728863,0.16414736007642475,0.0,1.0,0.0,0.0,1.0,0.0,1
3.2852584796321116,-1.0798337859315281,-2.099206342561244,-0.21154660308052864,0.35971149890410664,0.2462780914938584,1.0,0.0,0.0,1.0,0.0,0.0,0
5.068367518201095,0.5331258433634085,0.8395680907742521,0.4097512196232897,0.46238565885031974,0.4937227144602481,0.0,1.0,0.0,0.0,1.0,0.0,0
2.7733470595496708,0.9434216280928017,1.435006177988935,0.5811988119942524,0.791498932084825,-0.5791949845248994,0.0,0.0,1.0,0.0,1.0,0.0,1
5.820883907852282,-0.794230834753065,1.490124342296572,-0.8263431768289082,-1.256983675369349,-1.3432844521102028,1.0,0.0,0.0,0.0,1.0,0.0,0
3.5437814906615714,-0.6713779096303019,0.35895644065147114,0.7177256087500634,0.6441483371519825,1.6247850398997947,0.0,1.0,0.0,0.0,1.0,0.0,0
4.609362815079353,1.3935566584176051,0.04605813857711549,0.1133705380252234,-0.7340734681435281,2.489254169023358,0.0,1.0,0.0,0.0,1.0,0.0,1
-4.849311260078781,-0.7062071839615252,1.328156620895797,-1.2560547928680381,0.3184780667965807,0.44742071120237864,1.0,0.0,0.0,1.0,0.0,0.0,0
2.9205942144014116,-0.21012885029985662,1.6823835853400984,-0.1698744835797392,-0.22746762760733732,-1.3239920947301105,0.0,1.0,0.0,0.0,1.0,0.0,0
-0.7528676057273178,-0.2024532202729017,1.133568702875625,1.3812790155589258,0.5012083271142144,-0.7731951168428768,0.0,1.0,0.0,0.0,1.0,0.0,0
0.6673220621317846,-0.7408957502109493,-0.9415376022298011,1.6765947982456966,0.1181034650064601,0.509117569050969,1.0,0.0,0.0,0.0,1.0,0.0,0
1.9365079901210323,0.8273732593112715,0.2013448532149219,0.7173484576086773,-3.0730302708212998,1.341115611681286,1.0,0.0,0.0,0.0,1.0,0.0,1
5.9038708767505925,0.8155480296874656,0.4395161442914286,-1.19034348816837,0.17889171170518062,-1.2128906345418562,0.0,0.0,1.0,0.0,0.0,1.0,1
6.089387762864914,-0.3650459573286431,-1.8096169689172292,0.4906069024558882,0.6421529522992627,-0.12433282084890122,1.0,0.0,0.0,0.0,1.0,0.0,0
-2.661202352852072,1.0053773732422011,0.4693606596207741,0.8508609038591928,0.4459283483384537,0.19593206444396905,0.0,1.0,0.0,1.0,0.0,0.0,1
2.937433081207512,-0.8607751968029929,2.272991825979389,0.7257079833187221,-0.10258594620857964,0.8645784512858746,0.0,1.0,0.0,1.0,0.0,0.0,0
3.141385785183301,-1.487082672996964,0.6399361658007914,0.7849542886879182,1.642161691930406,-0.34360109440037934,0.0,0.0,1.0,1.0,0.0,0.0,0
-1.9290275966900616,0.2135020861672231,1.4734130814417563,0.3632630792475308,0.3113731291216611,-1.5638146913219246,0.0,1.0,0.0,0.0,1.0,0.0,0
-4.7265918083185525,1.4822333173571356,0.18291473012870507,-0.0724123388305437,0.4376733001931063,0.6211975594529023,0.0,0.0,1.0,0.0,0.0,1.0,1
-5.768630628697785,-1.3840670705193463,-0.07321832398382148,-0.6083674959040184,1.0444918940505687,1.124795965171238,0.0,1.0,0.0,0.0,0.0,1.0,1
3.4851965278771377,-0.8760057788746183,0.3812713900809755,-1.8979355185014963,0.3625929996965988,-0.08259146174516069,0.0,1.0,0.0,0.0,1.0,0.0,0
-0.1294368617523463,0.056743927461252563,-0.8158266479844326,0.33964176671335083,-0.8980177534142035,0.40524009130643124,1.0,0.0,0.0,1.0,0.0,0.0,0
6.1014777180320126,0.9298222093346119,-0.9637751872343886,0.18605284365218855,-2.4383374137796223,-0.47449122942707067,1.0,0.0,0.0,0.0,0.0,1.0,1
-0.44015653081064265,-1.2328739847748404,1.2663045571693656,0.5575758428248162,-0.47712090201808144,-0.8457727947258943,0.0,1.0,0.0,1.0,0.0,0.0,0
6.005681881936813,-0.314296038723317,1.3723423428665182,-1.3375436932928941,0.7609455258811165,1.0264256805472187,1.0,0.0,0.0,0.0,1.0,0.0,0
-1.111168727632726,0.741227401889659,-0.9911063155873504,0.6450166893150603,-0.35309633141780583,0.38749584781446095,0.0,1.0,0.0,0.0,0.0,1.0,1
3.690518746758646,-0.3853703747809153,0.9679988045538644,2.054545094620777,0.8011783722817295,0.49036859940188254,1.0,0.0,0.0,0.0,1.0,0.0,0
-5.217314896068851,-0.9334907385730831,-0.08695997560602091,0.07845013077791134,0.148728175920273,1.502115147994613,1.0,0.0,0.0,1.0,0.0,0.0,1
0.6969524044973026,-0.913512517810238,0.33980857449043056,-0.06166531920654083,1.2880660702621847,-1.054842334318573,1.0,0.0,0.0,1.0,0.0,0.0,0
3.7957952309569962,-0.26985363925501726,0.4602186394350634,0.309002356085701,-0.2952167071206611,-0.5520262681594221,0.0,0.0,1.0,0.0,1.0,0.0,0
5.3369585508213575,-0.06174877558232661,0.9943504681243184,2.032337024710338,0.46761482656768805,0.15793334883469554,0.0,1.0,0.0,1.0,0.0,0.0,0
4.053698670624055,1.0854432534480418,0.08271820186318887,-1.023647761699891,0.5058850645353592,-0.5643132377612419,0.0,0.0,1.0,0.0,1.0,0.0,1
-5.818597447287261,0.4267572557039806,1.410161995301936,0.20320693339390494,1.501601872631193,0.7831365352724501,0.0,1.0,0.0,0.0,1.0,0.0,1
-1.599669557479779,0.5712058635465044,0.30941283975992473,-0.7996574222976441,-1.706637306334278,-0.18739922090398406,0.0,0.0,1.0,0.0,1.0,0.0,1
-5.671222255730622,1.448961514607721,0.6241842724695326,-0.547004720844995,-0.4584082745531576,-0.9925328074971896,0.0,0.0,1.0,1.0,0.0,0.0,1
-4.90990353544776,-0.26446967909707875,-0.8332625915372465,-0.04959030788193934,0.8485161053885039,0.06577167518766158,1.0,0.0,0.0,0.0,0.0,1.0,1
2.2029555006188333,-0.2899367902526151,2.158659010704834,1.3473232416135588,1.545896479778648,0.17033877080678794,0.0,0.0,1.0,0.0,1.0,0.0,0
2.6798815314025637,1.2700409031774367,0.4698249232049664,1.8009906006887368,0.24007151264208035,0.9346820628963304,1.0,0.0,0.0,0.0,0.0,1.0,1
3.4396755442723665,-0.7623732389848241,0.7129974253450992,0.4481421446267063,-0.29270416442148695,0.39314090314742434,0.0,1.0,0.0,0.0,1.0,0.0,0
4.5924624263118226,0.6894457389086,-1.6081858112115415,-0.3765947230234853,0.7571183686744447,0.46114639135983565,0.0,0.0,1.0,1.0,0.0,0.0,1
3.008784569616078,0.763719414654404,-0.822702023079101,2.4927388666385184,0.868702675231683,0.3202916840072248,1.0,0.0,0.0,0.0,1.0,0.0,1
3.7808639337442402,-1.2066360076636706,1.2378836879187305,-0.4275544813295202,-0.3596616786673072,-0.18822252129193043,0.0,1.0,0.0,0.0,1.0,0.0,0
-5.66788918288632,-0.09530578291924796,0.2868911182926047,-0.5711359143597373,0.3303073121775462,-0.7162191151112647,1.0,0.0,0.0,0.0,1.0,0.0,1
-3.335929684639744,-0.8983125860353379,-1.913779734828926,-1.7749430445787269,1.1805272624119694,0.288838351659376,1.0,0.0,0.0,0.0,0.0,1.0,0
1.5318125972985024,-0.943874181592543,1.038289928983819,1.3960915692447435,1.8904589932744518,-0.33312476588364065,1.0,0.0,0.0,0.0,0.0,1.0,1
4.500335304295805,-0.10851566861137141,-0.5437828043527234,0.968245592371294,0.7426049592352919,1.6898226204410154,1.0,0.0,0.0,0.0,0.0,1.0,0
-6.226635069376909,-0.6317108774758051,1.411316985876712,2.417805536116446,0.044138896665593126,1.3421822947732187,1.0,0.0,0.0,0.0,1.0,0.0,0
0.18383773487830526,0.8881813428776127,-0.08783567860369966,-1.3895233522181258,-0.05407517603790821,0.6328391323516083,0.0,1.0,0.0,0.0,1.0,0.0,1
2.22785916566892,1.2228146741714472,0.20470668602052994,1.4581708074791095,0.5573965571936229,0.3784669392929856,0.0,1.0,0.0,0.0,1.0,0.0,1
-5.911129139102945,0.9081618158650969,1.1789545785916484,0.07013551836612739,-0.11567284247945017,-0.08795905098117711,0.0,1.0,0.0,1.0,0.0,0.0,1
-1.2396026228309507,-0.7019073821350043,-0.8974929708546623,0.8061002168001363,0.18964049902238825,-1.261123731347135,0.0,1.0,0.0,0.0,0.0,1.0,0
4.971694547435565,-0.6775968189341749,-0.9928468078339396,-1.647777141104471,-1.0578762645308748,-0.2161722233219656,1.0,0.0,0.0,0.0,0.0,1.0,0
2.1565501582539004,-0.7358149496475977,-0.19649842039810733,1.4680818226652972,1.297057196491159,0.10140003340525669,1.0,0.0,0.0,1.0,0.0,0.0,1
-3.2966822335882817,-1.0948857118312918,0.8271727996212221,0.7865167513318304,-1.1401847271486785,0.2294564744446623,0.0,0.0,1.0,0.0,0.0,1.0,0
4.433178420706901,1.3313951043111336,-1.3308772526134907,-0.038910034786217525,-0.4321117604530126,0.4695363670158261,0.0,0.0,1.0,0.0,0.0,1.0,1
-1.9096934551726705,-0.2938566055287919,-1.6680345998890966,0.6451126876611214,0.09759326085181382,0.9213301978776851,0.0,1.0,0.0,0.0,1.0,0.0,0
4.440260092205114,-0.8259315763623788,0.8237209270437923,-0.7654953010422492,1.9909868798886388,-0.6921540716928671,1.0,0.0,0.0,0.0,0.0,1.0,0
-2.5265485944097312,1.0400131515247306,-0.6029783125670037,-0.5794400855816993,-0.42268298485232736,-0.6830756072090113,0.0,0.0,1.0,1.0,0.0,0.0,1
1.1349977465795515,-0.3024140920266286,-0.3922260129202831,-0.46344461362539624,-0.6660158139603963,1.4508566797431588,0.0,0.0,1.0,1.0,0.0,0.0,1
-1.2950893041714648,-1.3946495666710002,-1.8568104019401659,-1.852727861690278,-0.5508169173337938,0.7709815891931486,0.0,1.0,0.0,0.0,1.0,0.0,0
-2.829631865281344,-1.0141752892511064,-0.6789793143519821,0.8617584942033671,1.6588971676113125,-0.3907709421333212,1.0,0.0,0.0,0.0,1.0,0.0,0
4.857625590034896,0.41775102106851003,-0.007567296631150636,1.1915936141825663,-2.8123469935060212,-0.10721116895223676,1.0,0.0,0.0,0.0,1.0,0.0,0
-3.9258135750157215,0.8487158225151719,0.9303778576228922,-0.7013441497638416,-1.002738012148587,-0.10271394667489854,0.0,1.0,0.0,0.0,0.0,1.0,1
-5.217411419317451,-0.8671968345338612,-0.7712301662346388,0.3482030159448188,2.7312887091595517,0.03157412228138299,0.0,0.0,1.0,1.0,0.0,0.0,0
-1.9864046743816053,1.2521867677984266,1.6573761202324966,-0.2655404746292363,0.5908820734916369,0.47268309223861316,0.0,1.0,0.0,1.0,0.0,0.0,1
2.7349341894571717,1.0529913601564933,-0.6845560241798007,0.3282739620810305,-1.10598494933922,2.534992746099831,1.0,0.0,0.0,0.0,1.0,0.0,1
3.8632994992655942,1.045142262183243,-0.6830918015851747,-0.6275772412110292,-0.04191798217477153,0.18975656116265244,0.0,1.0,0.0,1.0,0.0,0.0,1
6.267394029713456,-0.8170165596023576,1.5373575518978022,-0.8834251560876358,0.06745456606786167,0.6625981504252507,0.0,0.0,1.0,0.0,0.0,1.0,0
-2.5589898627434455,-1.348392034049827,0.21146015236391716,1.0520748860237426,0.8461252459056059,-1.6864767061901427,0.0,1.0,0.0,0.0,1.0,0.0,0
-1.1568355601190963,1.102270618447751,-0.5520247290115766,-0.06387058512449259,1.8395020028225635,-0.484899992778835,0.0,0.0,1.0,0.0,0.0,1.0,0
-4.5638384195290245,-0.5825993137842979,-0.15513313118059344,2.0221089508534758,0.38855168127921547,1.2288150027166052,1.0,0.0,0.0,0.0,1.0,0.0,1
0.9408684162552571,0.3567491435205776,1.3530735775420593,0.046309964794139964,-0.5397883030129608,0.40231539135661587,1.0,0.0,0.0,1.0,0.0,0.0,0
6.252775158552465,0.7799006511021902,1.4662028196256818,-0.9260780403504922,0.7870844420982043,-4.389114584864837,0.0,1.0,0.0,1.0,0.0,0.0,1
2.5243452225630305,-1.1151202244666396,-0.816793179270256,1.2269408764359389,-0.6982526968628611,0.6740232023161967,0.0,1.0,0.0,1.0,0.0,0.0,1
1.196479839880264,0.8425150635571438,-0.042433810079108215,0.6308001641460198,-1.0333374959890294,1.918164394628769,0.0,0.0,1.0,0.0,0.0,1.0,1
-1.3525298679043904,1.3155343768831975,0.09015682766757308,0.7268728636964236,-1.759908871956445,-1.9959075861197932,0.0,1.0,0.0,0.0,1.0,0.0,1
5.21879813743219,0.6851248972392271,-0.9862401105165975,1.1906006788679186,-1.5651283945004009,1.5193876756455122,1.0,0.0,0.0,0.0,1.0,0.0,0
-0.038747195779778136,-0.17633175455832573,-0.05568505264999431,-0.6527962938457945,-0.8964451561242719,-2.771955630625928,1.0,0.0,0.0,1.0,0.0,0.0,0
-4.594680876180184,1.1300344162551086,0.005322860451700487,-0.12725330898528756,-1.177789767700871,0.9379989450534133,0.0,1.0,0.0,0.0,0.0,1.0,1
-1.691704124114281,0.08237289021767691,1.1402094789367356,-0.17144983148779322,0.31323652737471736,-0.008648626012240201,1.0,0.0,0.0,1.0,0.0,0.0,0
-5.439144053506615,0.7343127834502624,1.207425028311201,-1.2907465369156184,-1.1994018258240353,-2.3499712152446164,0.0,1.0,0.0,0.0,0.0,1.0,1
-3.745041863250738,0.9615178315758123,-0.32920939835900803,-0.2635901501582435,-3.143666302024744,0.4461378272397865,1.0,0.0,0.0,0.0,0.0,1.0,1
-6.061152856830742,0.7480585850970178,-0.21395314386081168,1.3363794578768242,-1.0439117745894657,1.1508397491520586,1.0,0.0,0.0,1.0,0.0,0.0,1
-0.5871018843927533,-0.6364353718555381,0.6642923020556356,0.237338103793847,-0.47185964772141936,0.36388700382157313,0.0,1.0,0.0,0.0,1.0,0.0,0
1.690682831938361,-1.1464682972825067,-0.5851884489270115,-1.3460613278449878,-0.6054494878719654,0.584827637059613,1.0,0.0,0.0,1.0,0.0,0.0,0
-1.969244995810278,-0.7849844119138196,0.5886401517374027,-1.555839411664935,1.5195246793091843,-0.41167611233906165,0.0,1.0,0.0,0.0,1.0,0.0,0
-1.0005121669234198,0.008624810941059713,-0.08790648736921473,1.6647760587482714,-0.6135425592891501,-1.861389755221022,0.0,1.0,0.0,0.0,0.0,1.0,0
5.770593912115322,0.015830766879287528,-0.9693985777386207,-0.09031901025512999,0.8809234631991979,0.6918640223370642,0.0,1.0,0.0,0.0,1.0,0.0,0
3.1662619668612257,0.2479330479436127,-0.9568367128796466,-0.6474102057016173,-0.01898259968086171,1.7497539194462957,0.0,1.0,0.0,0.0,0.0,1.0,0
0.5134196419065764,-0.31469448735632743,1.447058696031102,-0.2739917648970031,-0.042304725672598735,1.129580854227459,0.0,0.0,1.0,0.0,1.0,0.0,0
-2.707539215590302,0.860674144350083,-0.1564214791432986,-1.477307754317332,-0.835380288848037,-1.9878758296013461,0.0,0.0,1.0,1.0,0.0,0.0,1
4.988808906095628,1.2394612510416234,1.640354093898311,1.4230951495116198,-0.058782651580767155,-1.5148944072109338,1.0,0.0,0.0,0.0,0.0,1.0,1
-3.328867806089903,-0.7598248395615862,-0.5136362607149101,-0.3930529375860296,-0.7650961268974169,-0.8459677417973405,1.0,0.0,0.0,0.0,1.0,0.0,0
-2.1948079788194406,0.709569653105664,0.2912052011314934,1.367401527738422,0.1700243142545705,-1.5929754512801433,0.0,1.0,0.0,1.0,0.0,0.0,0
5.140460063332828,0.533915557635134,2.3926767230182415,0.05165171444731515,-0.2362496326236882,0.044189919556039105,0.0,1.0,0.0,0.0,1.0,0.0,0
0.37123641542210745,0.06927149783794484,-1.0573867446632792,1.4295319745684398,-0.9446279331916002,0.3934158051805228,0.0,1.0,0.0,0.0,1.0,0.0,1
3.0450571588978343,-0.9344092983775193,-1.8978144998997766,0.2566944990430854,0.9918943397005953,-1.4302532832423676,0.0,1.0,0.0,0.0,0.0,1.0,0
1.1403327147856224,0.8856967757481286,1.2865901312872332,0.853232662869076,0.42684048002142533,0.7771284592755282,0.0,0.0,1.0,1.0,0.0,0.0,1
1.928173967187435,1.3818788568864981,-0.8268091053930736,0.7190930460883368,-0.44806273414224823,0.601103944020014,1.0,0.0,0.0,0.0,0.0,1.0,1
-2.5210239102575565,0.6655089967008403,-0.020706364106233777,0.6232910662519707,0.14549304703531002,-0.5481591248437031,0.0,1.0,0.0,0.0,1.0,0.0,1
-3.250014524826998,1.2535799898772022,-0.5859182104515849,0.3479344771827106,-0.08382252150196365,-0.17252198598398413,1.0,0.0,0.0,1.0,0.0,0.0,1
-2.2306269523635547,1.4525557948439993,0.2681627809553161,-0.2328507161155849,-0.8675909372632739,-1.9498011756530316,0.0,1.0,0.0,1.0,0.0,0.0,1
-4.3298490040316375,-0.4438479772822854,-0.9505362071857422,1.9154346915728602,0.07049622902116384,-0.3322621562870741,0.0,1.0,0.0,0.0,0.0,1.0,0
4.703773040522908,0.41467065877901077,-0.1799400878833061,-0.9069369850959007,-0.6210117548073745,0.007384974130325764,0.0,1.0,0.0,0.0,1.0,0.0,0
-2.723799368577999,-0.07820178708576608,0.4498153265565342,0.004307642343159692,-0.9449338356200992,0.16874759522818958,1.0,0.0,0.0,0.0,1.0,0.0,0
0.7726985190636638,1.4598862405896904,-1.008308886274262,0.01488587520759545,-1.6227673302665249,0.37887691202017393,0.0,0.0,1.0,1.0,0.0,0.0,1
3.669058836240975,-1.2185765279768253,-0.7000840296458889,0.4024407533435215,-0.3586073535386307,0.24424174323057224,0.0,0.0,1.0,0.0,1.0,0.0,0
3.5666389477056306,-0.26287525710832615,-0.3473828335985318,-0.4294726458945011,0.5669706595837234,-0.26434369726567053,0.0,1.0,0.0,0.0,0.0,1.0,0
-0.7742611095683232,1.1266171335817086,-1.4288154342262782,0.31474630558958777,-0.6946593533788596,0.2861949425543167,0.0,0.0,1.0,0.0,1.0,0.0,1
-0.2983594596815685,-0.6478460684204537,-0.4225609827987464,-0.16884258520296613,2.5207086921579696,1.002031993310248,0.0,1.0,0.0,0.0,0.0,1.0,0
6.2166055206891855,0.8633785519166182,0.11879653990290184,-1.5819525174378992,0.8856856536527323,-0.09549807330964437,0.0,0.0,1.0,1.0,0.0,0.0,1
2.19405660405046,-0.3516505116592329,-0.39954894158842846,0.009552286256846456,1.3043301326604781,0.31759489083167675,1.0,0.0,0.0,1.0,0.0,0.0,1
3.9538632857442813,1.4399356196704747,-0.27137649293172456,-1.1005653330301517,0.7952430120737586,-0.18617106266411843,1.0,0.0,0.0,0.0,1.0,0.0,0
5.058642369490203,1.1505895092711227,-0.019901670906585355,-1.734385762448901,1.8528649749385728,-0.6467589164795713,1.0,0.0,0.0,0.0,0.0,1.0,1
3.613960466980735,-0.596038927012154,-0.655743462432314,0.13687332068938496,-0.7870019834725421,0.5228796669176042,1.0,0.0,0.0,1.0,0.0,0.0,0
-3.956153028368794,0.8105793406135654,0.6910625658668772,0.48788334201956646,-2.5607373856586215,-0.5552259441702052,0.0,1.0,0.0,0.0,1.0,0.0,1
0.7812604815129758,-0.48943036850019395,1.4359781248017758,0.5266980421045764,-0.44612560835288306,0.38614690099219057,1.0,0.0,0.0,0.0,1.0,0.0,1
-5.002745562927199,0.3190885206466053,-0.46438039219544847,0.5671707070196942,0.5582185755475376,0.02825537151004551,0.0,1.0,0.0,0.0,1.0,0.0,1
1.9216761175391437,0.47544230517987585,0.4851982314777071,-1.9325890209406105,0.15151697174797846,-0.3039346765201432,1.0,0.0,0.0,0.0,1.0,0.0,1
5.72208967364456,0.9887862272571148,-0.23961715543464693,-1.3610169279074695,0.2754726109677837,-0.3281428321466607,1.0,0.0,0.0,0.0,0.0,1.0,1
0.15999583868105027,-1.4266474773539555,0.3654873450385047,1.9735214368136709,1.3209100026698724,-0.5081209924156869,0.0,0.0,1.0,0.0,1.0,0.0,0
-0.8422924959802404,-0.839526326543101,1.5657795312032543,-1.0472087600770361,0.3820575744624996,-1.6458011720890138,0.0,1.0,0.0,0.0,1.0,0.0,0
-5.8327720090206,0.6357534317657362,0.5086595430180988,0.6108410311366891,0.7989129275910215,0.38289509516169207,0.0,0.0,1.0,0.0,1.0,0.0,1
5.77769704662894,0.19056971090861197,-1.7734145388096807,-0.686937621665846,-0.9395627418527589,0.2315468252783205,0.0,1.0,0.0,0.0,1.0,0.0,0
-4.988815404126239,-0.013184765396570763,0.4539956314469589,0.07967273926756446,-1.0953936892160367,0.8496702524484937,1.0,0.0,0.0,1.0,0.0,0.0,1
-5.766970196209039,-1.3343701298760586,1.2328637433090093,-0.6332542022735941,1.6141139230244876,-0.5314569023067949,0.0,1.0,0.0,0.0,0.0,1.0,0
-3.1910210711889926,-0.45517234961563136,-0.2215961699981027,0.5615411546196448,0.10090153514706786,1.8953836254766674,0.0,1.0,0.0,1.0,0.0,0.0,1
-5.45970558804142,1.0953006957319449,0.9956348061178324,0.13677411731669906,-0.6232291834461349,-0.3797359478496331,1.0,0.0,0.0,0.0,0.0,1.0,1
-0.5640058262258673,-1.4073214888919034,-0.690115541151946,-0.4482897736442336,-0.6213944935471182,-0.8751096421946959,0.0,0.0,1.0,1.0,0.0,0.0,0
0.20216527296702783,-0.3106912939055637,-1.4855391595222738,-1.0501721196807103,-0.6491231216382576,-0.9936849198426648,0.0,1.0,0.0,0.0,0.0,1.0,0
-2.3553154847750446,1.335444863012318,0.14116901883264016,0.2677741974925111,-0.7089590210458417,-1.7339224032296623,0.0,1.0,0.0,1.0,0.0,0.0,1
-5.642796996456975,-1.3473577963649561,-1.7564767207463141,-1.21271879904259,-1.2831478026036598,1.5326278923931278,0.0,1.0,0.0,0.0,0.0,1.0,0
-4.880773719060842,0.7491172531339103,-0.23977101289359176,0.4274810421208385,-1.5004204022205085,1.371067390768662,0.0,1.0,0.0,0.0,1.0,0.0,1
-1.451360790514502,-0.7271621514538906,1.286842262645503,2.6264849090369,-0.19500437765441916,0.600745162884758,1.0,0.0,0.0,1.0,0.0,0.0,0
-5.522562361380318,1.0998264964610174,-1.9097629057462808,1.350170051262012,-0.5929258703203995,-0.8960888077757798,0.0,0.0,1.0,0.0,1.0,0.0,1
2.4905255439723235,0.7382039368780952,-1.2794967959138979,0.7183478868941628,1.1071592854432952,1.8112676815591198,0.0,1.0,0.0,0.0,1.0,0.0,1
-3.681688457593466,1.1571155125750887,-1.0320322451615775,-0.08560729774114767,0.29307665326691656,-0.35171916152165594,1.0,0.0,0.0,0.0,1.0,0.0,1
-2.487242021783496,-0.852225628706202,-0.06331985971095996,-1.9387526270035254,0.2653176800779831,-0.26902583122665236,1.0,0.0,0.0,1.0,0.0,0.0,0
-1.330454722487271,0.09387826445581482,-0.36571678564620924,-1.3222863959001843,-0.7431204075544506,1.437259080436076,0.0,1.0,0.0,0.0,0.0,1.0,0
-1.0479142565204889,0.8378098307244022,1.3991363816960873,1.2827928561027135,-0.1210284157799757,0.6589105844808723,0.0,0.0,1.0,0.0,0.0,1.0,1
-6.262316239055932,-0.762900771015057,0.9543483290916974,-0.7897560801247798,0.36100110363144033,2.2011031387545934,0.0,0.0,1.0,0.0,1.0,0.0,0
-4.874867490321223,-0.8077610841983491,0.49527294606859795,-0.6992520981640467,0.7161957397126754,0.24872226031901956,0.0,1.0,0.0,0.0,0.0,1.0,1
4.558633953724195,-1.418453599507245,0.14563031434388482,-0.16565047568402144,-0.09389182651836551,-0.3970307995787248,0.0,0.0,1.0,1.0,0.0,0.0,0
-6.267690186664276,1.375545881926357,0.3932297769848273,-1.0620462588465547,1.079123779324209,-0.6118048834597958,0.0,1.0,0.0,1.0,0.0,0.0,1
0.10263402008392908,0.6300506401638701,-0.861982355313375,-1.2267687345516363,0.007989308907942713,-1.846996177190627,1.0,0.0,0.0,0.0,1.0,0.0,1
-0.13192167693755397,0.40668106203055454,0.8572103535566122,-0.050474072781421825,0.7928471185176799,-0.27859577280620446,0.0,1.0,0.0,1.0,0.0,0.0,0
-2.0974006304408843,0.7319841680849727,-1.112044254359201,-0.8915294546720363,-0.4898522085891503,1.1445933388273806,1.0,0.0,0.0,1.0,0.0,0.0,1
-0.8629701160321348,0.09483875608631809,0.8353769939022309,-0.7410185797788948,-1.8125883665686418,0.5988341726560692,1.0,0.0,0.0,0.0,1.0,0.0,0
3.5258865615575385,-0.07159853672876892,1.186142502118831,-0.781191026147006,0.26835898801852265,0.020308006560405812,0.0,1.0,0.0,1.0,0.0,0.0,0
4.287692227290068,-0.15140327662943742,0.2108646020880872,0.5223602138344686,0.7253240631466256,-0.9949344438163292,1.0,0.0,0.0,1.0,0.0,0.0,0
-3.0115490217149747,0.4213176363109239,-0.17621305896197587,-0.23212569049535728,0.5753473318075695,0.22687301801273724,0.0,0.0,1.0,0.0,0.0,1.0,1
-2.2306509063909745,-0.8953950738228504,0.4003099083096733,-0.17857196789385368,0.42218666143744,1.0128137051953732,0.0,0.0,1.0,0.0,1.0,0.0,0
-3.236055908398372,1.164176085044609,-2.861518370100673,0.5969458973088833,-0.3485869659549873,0.4307192564699845,1.0,0.0,0.0,0.0,0.0,1.0,1
-0.25304397158821623,0.9352571136577954,0.30225821848546125,-0.14203960823294015,-0.8067462514455923,0.16673516963335916,0.0,1.0,0.0,0.0,1.0,0.0,1
2.30289244051943,-0.45130916564389845,-0.11335399783980703,-0.27825376845717287,0.5517282690437805,-0.796957653281206,0.0,1.0,0.0,0.0,1.0,0.0,1
-3.4148750803130743,0.23582789043757313,-0.05062811305699102,0.47045035557017084,0.42644741619827503,0.8671818141120127,1.0,0.0,0.0,1.0,0.0,0.0,0
-2.1270373971030345,-1.0769181001499561,0.7065325128978275,0.668197843557631,-0.5608990908438263,-3.131904818744181,1.0,0.0,0.0,0.0,0.0,1.0,0
5.40837261134451,1.417038743800794,-0.07476892156472781,-0.14707349950860418,1.1094241891920569,0.382845708865145,1.0,0.0,0.0,1.0,0.0,0.0,1
-5.672845610486479,1.2086780628908507,-1.140206856651158,0.0806077756205216,-0.8828655145476005,2.5703219809445987,1.0,0.0,0.0,1.0,0.0,0.0,1
-0.492983679907225,1.2656925194976014,-0.14140267082537805,-0.781790229733328,-0.5835233787910404,-1.508373387331847,1.0,0.0,0.0,0.0,0.0,1.0,1
2.6585167571531243,-0.5035108568896451,0.06755548408082447,-0.8606830431645255,1.636425212341665,-0.241369454701366,1.0,0.0,0.0,0.0,0.0,1.0,0
-4.392524437531288,-0.9925958778514328,0.11493391158101274,0.7691475019668077,0.8685819377339127,-0.00791099012472641,1.0,0.0,0.0,0.0,1.0,0.0,0
-5.687865814298635,-0.864683509601069,0.16191936728506806,0.4449420625446217,-0.3580093058910226,-0.4625828140565771,0.0,0.0,1.0,1.0,0.0,0.0,0
-4.546445386274565,-1.2299958268647304,1.0393690449185533,0.4552984384165761,0.2873807096435505,1.0363742425589795,1.0,0.0,0.0,1.0,0.0,0.0,0
5.263087471796038,-1.139668109695847,-1.0860345530341475,0.28085434872552223,0.15479224452383833,0.472451014355301,1.0,0.0,0.0,0.0,1.0,0.0,0
-6.1668234570072435,-1.2860863974454637,0.17570045616484992,0.04620327581495357,-2.7456138649773782,0.1523003725473193,0.0,1.0,0.0,0.0,0.0,1.0,0
-3.9166615768721265,1.4694692076146205,1.289929698618241,0.6964118908227692,-0.9064739494733817,0.7972725611692801,1.0,0.0,0.0,0.0,1.0,0.0,1
-5.890065089938434,-1.2778269498927792,-1.7346114969371953,0.9351087610227838,-0.050846617109281525,0.0167507090717422,0.0,1.0,0.0,1.0,0.0,0.0,1
-4.892974416923714,-1.102373757145759,0.17964668078005355,0.9112280051906476,-0.3566114765593062,3.179864488823514,1.0,0.0,0.0,1.0,0.0,0.0,1
1.5098404648220396,0.9817637867722093,-0.5853785019730434,-0.10077791594598683,0.24710256483042056,0.15134693365674112,0.0,1.0,0.0,0.0,1.0,0.0,1
-3.246661225114921,0.24072065022882938,-0.37071038447310495,1.386992729908838,1.12948231294792,0.19528209848970435,0.0,1.0,0.0,0.0,1.0,0.0,0
0.869744276691602,0.8232516137079972,-0.904807503214422,0.22846068173232117,-0.32153578465392746,-1.7104680495732754,0.0,1.0,0.0,1.0,0.0,0.0,0
1.1334286075431255,0.392736023317965,-0.16955071570044408,0.6323761925657985,-1.0576547961228648,-0.5434503273034238,0.0,1.0,0.0,1.0,0.0,0.0,1
4.3911339013582085,1.146525210986844,1.8412556144269043,0.28208789083487973,0.32485165851104525,1.1473776817998096,0.0,1.0,0.0,1.0,0.0,0.0,1
-6.223603206620683,0.41540258329422175,-1.2644303611772136,0.2470067074841741,-0.3266233335678035,-1.3354568503598725,1.0,0.0,0.0,1.0,0.0,0.0,1
4.440571589891905,0.0663752787094527,-1.1696100024788274,-0.7357519902503197,-0.15606350082190265,-2.157557174301955,1.0,0.0,0.0,0.0,1.0,0.0,0
1.4968945872852366,0.6382490812838991,-1.3019345701635046,0.701350838344826,-0.29177371915307865,0.03231547118757482,0.0,1.0,0.0,1.0,0.0,0.0,1
-4.238090345711877,-0.1578217446236716,1.727418286628101,2.845294394907639,2.2418378000109858,1.370744507474978,1.0,0.0,0.0,0.0,1.0,0.0,1
3.4298323738231766,-0.4618085312857959,-0.46233970552128695,-0.3747950747900833,-2.240704260997945,0.042381228696125636,1.0,0.0,0.0,0.0,0.0,1.0,0
4.467238464410452,-0.09704264264936258,-0.025639060347674214,0.07099471542494816,-0.38833390313264615,-0.3361246026263436,0.0,1.0,0.0,0.0,0.0,1.0,1
-3.088016136626753,-0.990857684704318,-0.4027829411062397,-0.4462052643472624,-0.0036890256483920517,-1.85848793774098,1.0,0.0,0.0,0.0,0.0,1.0,0
5.262716605174761,0.8897151894080743,-0.9444228784030915,-0.48801990156193453,-0.7811424922827788,0.45225412270219334,1.0,0.0,0.0,1.0,0.0,0.0,0
-0.5723048095973509,-0.7178886559921661,-0.2351506466144354,1.5444494781186728,0.899825832128283,0.6612751088830449,0.0,1.0,0.0,1.0,0.0,0.0,0
1.2996700237403833,-1.0394053609888576,2.45824360573656,-0.6729710177274647,0.8132576787196394,-1.7817324991011003,1.0,0.0,0.0,0.0,1.0,0.0,0
6.0902856575156346,-0.7609432746503196,1.392070920974255,-0.4740804733663613,-0.04775461848854061,1.1345324486972188,0.0,0.0,1.0,0.0,0.0,1.0,0
-1.7399889525373047,1.0262104553167193,-0.8529378177922723,-1.5874928237313013,-0.27067375534369414,0.7656955258921091,0.0,0.0,1.0,1.0,0.0,0.0,0
3.935276400925808,-0.5093961132068059,0.6475741030616857,-0.7576117245422473,-0.111956834231647,1.1323159425473455,0.0,0.0,1.0,0.0,1.0,0.0,0
-2.2820639892621473,0.5581496085177006,-0.8315227726663764,-1.7083998929533477,-0.10478665364781072,0.5835250918333419,0.0,1.0,0.0,1.0,0.0,0.0,0
3.7600280133143773,1.0692288919672177,-1.7763676388462208,0.6318046992119288,-0.07837302812576266,0.6536827088113185,1.0,0.0,0.0,1.0,0.0,0.0,1
1.2658597578647517,-1.2667659992248737,1.0195109176646295,2.7996972218373095,-0.1879991015167995,0.5207208987017389,0.0,1.0,0.0,0.0,0.0,1.0,1
-3.5643794564498523,0.7950732155341288,1.1600928466435507,-0.36667879365052214,0.2524493145923928,0.8684723215011957,0.0,1.0,0.0,0.0,1.0,0.0,1
-1.0803799686086115,-0.5770036008629099,1.0460522510478993,-1.6667579329902373,0.7532120648278651,-1.8187577691239185,0.0,1.0,0.0,0.0,1.0,0.0,0
-2.2916582054399903,-0.850132907447872,-0.46986524921957273,0.8999996644297332,-1.2302601475985768,-1.5010594336215146,1.0,0.0,0.0,0.0,0.0,1.0,0
-5.3016462916396865,0.5667043573589166,-0.16677573400198623,-0.7269249589301569,-1.050663899233149,-0.7360079001897717,1.0,0.0,0.0,1.0,0.0,0.0,1
-5.9082705289125865,1.2293898681997013,0.7497655536581233,1.2993469305535403,-1.7485180294835236,-0.12982017167255325,1.0,0.0,0.0,1.0,0.0,0.0,1
-1.92920611336811,-0.6149423738628138,0.3914960373481072,-0.2820290477899447,0.8663974003575995,0.3881369233081794,1.0,0.0,0.0,0.0,1.0,0.0,0
-6.043995151376554,0.20650141615295714,-0.3936374712970443,-0.6318156890827807,0.25032329319046315,0.32468165322885006,1.0,0.0,0.0,0.0,1.0,0.0,0
-4.203604813267774,-0.6304976584515254,-1.6190718201181646,-0.17795755574568647,0.5052675159327706,1.1171058114560313,0.0,0.0,1.0,0.0,1.0,0.0,1
2.8297370659841707,0.16285675717928383,0.11387519414201226,0.7577767609361872,-1.4294982383634685,1.148495298580351,1.0,0.0,0.0,1.0,0.0,0.0,1
2.6149515891999275,0.3655860919630216,1.0790096392361133,-0.22742063075565644,1.7849481228801383,-0.8723851082937929,0.0,1.0,0.0,0.0,0.0,1.0,1
2.9980895575405087,0.33100616637053937,-1.1975882890341571,-0.49672470279370545,-0.6088509081453577,0.23857611005047125,0.0,0.0,1.0,0.0,1.0,0.0,0
-2.2977210172409954,0.3706391089282377,0.638759381675977,-0.1988316029788718,0.16820580711125588,-0.8478315477218382,1.0,0.0,0.0,0.0,1.0,0.0,0
4.901129044952126,-1.0947606233474279,0.33154169513369264,-1.271855184500885,0.8543846606783719,-0.18824703835356665,0.0,1.0,0.0,0.0,1.0,0.0,0
1.1791094414739007,0.5806214087601587,0.7501482632323336,0.39703160229398016,-0.9869797557960719,0.32179136904849476,0.0,1.0,0.0,0.0,0.0,1.0,1
-4.699491589619592,0.5242510691406699,0.8719754997190072,-1.7867265938449102,-0.5463243585126668,-3.4087120764716907,1.0,0.0,0.0,0.0,1.0,0.0,1
-4.477163343129728,0.5477643666506494,-0.694465241925353,-0.44412145436551537,0.17917177460087425,2.4112440396396844,0.0,1.0,0.0,0.0,0.0,1.0,1
2.42650869873654,-1.277788341783881,-1.616959400164946,0.7593852088307432,2.857473075464706,0.5664086773974751,0.0,0.0,1.0,1.0,0.0,0.0,0
-4.109907706342256,-0.15948347275754216,-0.5335195256828793,0.3030482829327168,0.3011247428520243,-0.595703275413406,0.0,1.0,0.0,0.0,1.0,0.0,1
0.09164279085987977,-0.27289460386281084,0.8891273175270074,0.5903205729863903,1.6063611506307183,1.927369755230228,0.0,0.0,1.0,0.0,0.0,1.0,0
6.179820323202432,-1.2398655490704025,-0.542003903525971,-0.06504567271880911,1.2056731451919556,-0.3474311704861944,0.0,0.0,1.0,0.0,1.0,0.0,0
-6.232824260824582,-0.8328962163095679,-0.6940433238576419,1.1697461809855167,0.36801003649451874,0.13251938582805775,1.0,0.0,0.0,0.0,1.0,0.0,0
-6.07483737182223,-0.17711210460588978,-1.8213503419246384,0.924699196769792,-0.9891957716306787,-0.48711581039762725,0.0,1.0,0.0,0.0,0.0,1.0,0
6.196283600765095,0.7287189295742468,1.752647554550939,0.44614100424767456,1.059753610818235,1.6519918374433393,0.0,1.0,0.0,1.0,0.0,0.0,1
1.0636029580971975,-0.7888137690460104,0.8257136414253099,0.927545777313543,-1.498110341648047,-0.10498470630588037,0.0,1.0,0.0,0.0,1.0,0.0,1
-4.688387520154701,0.9892497303747345,0.7698959812747644,0.7504235544035768,1.600875123677092,0.14948410073950924,0.0,1.0,0.0,0.0,0.0,1.0,1
4.9926466880101,0.1373948572183903,0.9677253867794737,-0.43946351334689027,0.2000053082182553,1.2037821530254462,0.0,1.0,0.0,0.0,0.0,1.0,0
4.779999825805754,0.7812650555538525,0.5767083615434017,-1.3438989116913336,-2.650223547298176,0.5851394574610765,0.0,0.0,1.0,0.0,0.0,1.0,1
0.4549078075504482,-0.08233204998942867,-0.24432885517952907,0.42036212584262383,-0.34050609503183893,-0.054348065134071935,1.0,0.0,0.0,0.0,0.0,1.0,1
1.5304837851053659,-0.0024173237333299236,-0.16376410412220166,0.5460892308314287,0.6539478209229405,1.110390972357463,0.0,1.0,0.0,1.0,0.0,0.0,1
-2.850213811683662,0.35915816813892065,-0.4275643645921248,1.0904719911385654,-0.2370238730397667,2.538483229427952,1.0,0.0,0.0,0.0,0.0,1.0,1
-5.648336079244073,1.2839118244974728,2.634740754415,-0.9363212750452935,0.7150058109935733,0.3174104487994213,0.0,1.0,0.0,0.0,1.0,0.0,1
1.188371621436369,-0.024562255761270135,0.5559120312994426,-0.9064310592771633,-0.8500241677122955,0.11676008787256639,0.0,0.0,1.0,0.0,1.0,0.0,1
-2.5791823088866246,0.08597261432487291,-0.46380044135143456,0.45990026630777037,-1.3059823727876074,0.17062708361908155,0.0,0.0,1.0,0.0,1.0,0.0,0
2.0561227126433375,0.30599089058258855,0.4654967741662798,-0.07116698885308664,-0.07144540304760538,1.3104295008315177,0.0,1.0,0.0,0.0,0.0,1.0,1
4.225381509494867,0.7125454118931773,-1.0108689178563175,-1.8857616105711281,0.031565667289914785,-0.5991977350329224,0.0,1.0,0.0,0.0,1.0,0.0,0
-6.0549731817933425,-1.284448993541297,1.504506718589227,0.37510816375419076,-0.3483843510623214,-0.278317559711661,1.0,0.0,0.0,0.0,0.0,1.0,0
1.2027747656001195,0.047062315565916224,-0.6610690958071401,-1.8524229149889546,1.2272911466421925,-1.5374429491266413,1.0,0.0,0.0,1.0,0.0,0.0,1
-3.376828329585596,-0.05522523238186949,0.5010854326224657,-0.9452565518733762,-0.8502073751390576,-1.1838678626399737,1.0,0.0,0.0,1.0,0.0,0.0,1
4.698421433105221,1.265054952712711,1.0659776297431345,1.3516813728601071,0.31316560733234944,-0.5178000026979704,0.0,0.0,1.0,0.0,1.0,0.0,1
-3.0955431060151053,-0.019480258690976693,0.3847685442049928,1.8248790178071153,0.06796997116362523,-0.05593699406042271,1.0,0.0,0.0,1.0,0.0,0.0,0
1.3919785472382107,-0.09503839591700702,0.09446999181963821,-1.2156563684719617,-1.5567159521360834,1.7690833257701195,0.0,0.0,1.0,0.0,1.0,0.0,1
0.672814039570197,1.386599965604106,0.010802084856015158,-0.3293915374126943,-1.3190301836685123,0.5359928049252244,1.0,0.0,0.0,1.0,0.0,0.0,1
-1.3048102424415193,-0.14827060919735535,-0.056441096887107134,0.04262252307870598,0.011911016248631409,-0.9120785101897938,0.0,1.0,0.0,0.0,1.0,0.0,0
2.2320483442004893,-0.957346709033729,-0.5766984889275022,1.781226927581568,1.981199998686964,-0.7279804853641153,0.0,1.0,0.0,1.0,0.0,0.0,0
2.8371049033026328,-0.8492516315826351,-0.44948342976970423,-0.49286894782440155,0.579269811898811,1.3747486832306544,0.0,1.0,0.0,1.0,0.0,0.0,0
0.8411651440915314,-1.2144373849890777,1.479590373650935,-0.4768840230332781,-1.7256348251446327,1.1266103486291923,0.0,1.0,0.0,0.0,1.0,0.0,0
3.2474296074554503,-1.4982956122231665,-0.10853663268515668,1.5487255584628619,-3.1104880651193376,0.028149910224203063,0.0,1.0,0.0,0.0,1.0,0.0,0
6.074798138237086,-0.20416301699855421,-0.7857962693827731,-0.374789152718258,0.7330535930043798,-0.44252646553883224,0.0,0.0,1.0,1.0,0.0,0.0,0
-1.0144530924507085,0.8077277438946643,-0.5162975968615086,0.7222017089664575,-0.09621348292819902,1.1249328357046429,0.0,1.0,0.0,1.0,0.0,0.0,0
0.18325603468201043,0.7003993283995076,1.100370680697223,-1.4771429651124275,1.1412659695103695,-0.9933271267246865,1.0,0.0,0.0,1.0,0.0,0.0,1
-6.126484199454478,-1.4035527365914495,0.6756066331644784,-0.17123274409232622,-0.8807179207114415,0.39203039805752304,1.0,0.0,0.0,0.0,1.0,0.0,0
3.7200045510299087,0.20994871078209876,0.5603291782322569,-1.6595968383264046,0.3502124978585262,2.2726589908933312,0.0,1.0,0.0,1.0,0.0,0.0,1
0.2542185200532928,-1.037150623759572,-0.25752119890979147,-1.0554337809557044,0.8461734630278627,0.20535568225145748,0.0,1.0,0.0,0.0,1.0,0.0,0
-1.1565907769046437,1.3232288542940918,0.5733624701729451,0.8392013551522634,-0.44746363820648183,-0.7756094792616043,0.0,1.0,0.0,0.0,1.0,0.0,1
-5.101042154577922,-0.9979050010674622,-0.643561124950648,-0.04990539108671263,-0.4260855702310654,0.4103687026715378,0.0,1.0,0.0,0.0,1.0,0.0,0
4.896567007038059,0.37991765309244463,-0.25961403134577454,-0.31910574055297464,0.025262831098390486,-0.4700087190153476,1.0,0.0,0.0,0.0,1.0,0.0,0
-1.3193779334748181,-0.5212849135078297,0.9698044873917454,-0.7487496239809176,0.5426763465603288,-1.3941158437534145,0.0,0.0,1.0,1.0,0.0,0.0,0
2.2943880304590802,0.4246839778930567,0.8742776789190644,-0.22065607324128275,-0.014334004511910938,0.7010360268721068,0.0,1.0,0.0,0.0,0.0,1.0,1
-4.4060942980501645,-0.26322421060777457,-0.9819098459508032,0.30111316710069364,0.9739963377594865,1.1178344005497223,0.0,1.0,0.0,0.0,1.0,0.0,0
5.800003701732793,0.7789291569191842,-0.8555264529085758,0.9829162064617618,-0.46193518926703,-0.31090667207257267,0.0,1.0,0.0,1.0,0.0,0.0,1
-4.040819995047252,-0.8079626240164265,0.10870215281340967,-2.6251466840968023,-1.3283952054631096,-0.37723567409627334,0.0,0.0,1.0,0.0,0.0,1.0,0
-3.7756666712767637,1.2173755587427804,1.7261323746695099,-0.8317611742628097,1.9769753681131799,-0.9615653911218296,0.0,1.0,0.0,0.0,1.0,0.0,1
4.511111669971051,0.0006289479400563014,-1.9155651644689942,0.15909624218900573,-0.6046337365424463,-0.1499356004675666,0.0,0.0,1.0,0.0,1.0,0.0,0
5.184667671976833,0.7682794431385586,0.27833293957050426,-0.09886311596228586,-0.5684420837177473,-0.5623683829231909,1.0,0.0,0.0,0.0,0.0,1.0,0
-3.617262359366291,1.0491905742036813,-1.3760433315731482,0.403376242526725,-0.06580332107218435,-1.0110326867032555,0.0,1.0,0.0,1.0,0.0,0.0,1
-0.37949323141958924,1.4964858328644146,-0.6343309935255456,0.26754028612655384,0.06718110965398118,1.892168830399606,0.0,1.0,0.0,0.0,0.0,1.0,1
2.9341835073009443,-0.8281630032181253,-0.3644284180642414,-0.30486786299340723,-0.38668364248828285,0.4664928167495073,0.0,1.0,0.0,0.0,1.0,0.0,0
4.7546840388405025,-0.6393227593096354,-0.4205083434368909,-0.5268531959871771,-0.01743389694900904,0.5723951080293523,1.0,0.0,0.0,0.0,1.0,0.0,0
-1.519868658969145,-0.7487007398043353,-0.5337959396592085,-0.2455014897355009,-0.03976223142817396,0.8833995689324271,0.0,1.0,0.0,1.0,0.0,0.0,0
0.21387317941613976,-0.7113860035206521,0.007207060376370152,1.1487423498227427,0.17481932702080696,0.7710362167598054,1.0,0.0,0.0,1.0,0.0,0.0,1
3.037497998163575,0.24733422461813226,-0.5352555666305784,-0.7320079329057144,-2.357487458987316,-0.4131099527967148,0.0,0.0,1.0,0.0,0.0,1.0,1
2.9045403449308957,1.4805675694375289,-1.4624573848541527,-0.06280672314395548,1.8808763070078494,0.2725526229714672,1.0,0.0,0.0,1.0,0.0,0.0,1
3.5557818629950435,1.4708342612782634,0.7798696125227764,0.18334221399842102,-0.14728831353455754,-0.2690304842606603,1.0,0.0,0.0,1.0,0.0,0.0,1
0.8788142835268007,0.08031969408692308,0.7528721671488805,1.560350929874458,0.5806226194469853,0.43846362477666,0.0,1.0,0.0,0.0,1.0,0.0,1
-4.968553228873719,0.4170816307940214,0.843174310022669,-0.30030825823631324,-1.3781013415340242,0.3416908859581642,1.0,0.0,0.0,0.0,0.0,1.0,1
5.076478091475773,1.0799116311048178,-1.5407344962640819,0.9588066560109609,-0.4710002612492502,-0.3826602608642019,1.0,0.0,0.0,1.0,0.0,0.0,1
4.593920015540432,1.2988003753605155,0.29891815258415083,1.2319794032650222,-0.6723158663204145,-1.3292987229217992,0.0,1.0,0.0,0.0,0.0,1.0,1
3.7460028576833198,-0.8884181180113683,0.6759788558069234,-0.06375426499064825,1.4697237645085452,0.14623705696550768,0.0,1.0,0.0,0.0,1.0,0.0,0
-5.028276408709881,0.08562518682735865,-1.031202068439585,-0.2107189790767625,-0.5858136068358828,-0.20426948780729892,1.0,0.0,0.0,0.0,0.0,1.0,0
-3.7146522398351296,0.9985111639845368,0.009173248182129144,-0.3290536720482161,0.7580799869400913,-1.8903722477087583,0.0,1.0,0.0,1.0,0.0,0.0,1
3.0611724697359626,-0.5903937700962251,-0.11626664531036575,-0.25582313424258235,-0.6504204526731951,0.5076617688887175,0.0,1.0,0.0,1.0,0.0,0.0,0
-5.992398302611523,-0.18057287255859988,1.8421506585682637,0.8542398605768328,-0.45261893965394406,0.9653421122427754,0.0,0.0,1.0,0.0,1.0,0.0,1
6.022114354696197,1.456863304536024,1.924496037012573,0.2310099772555139,-0.24555016520068595,2.5283564752089505,1.0,0.0,0.0,1.0,0.0,0.0,1
-1.5438454785960771,1.455140090162613,-1.6643563933302008,0.2352897091698694,1.2838451268293003,-0.39119750332066106,1.0,0.0,0.0,0.0,1.0,0.0,1
2.7559625787330218,1.218320432295545,2.4939270057279894,-1.125223510379835,-1.8898526590301186,-0.5387118965490677,0.0,0.0,1.0,1.0,0.0,0.0,1
4.870361937351347,0.8953450344841728,-0.9152257211533239,-0.9674900773752345,-1.3156635552744327,-1.1094210304392413,0.0,1.0,0.0,0.0,0.0,1.0,1
-1.3241198771825455,-0.6926084978315827,0.9806732943274258,2.14344682477698,-1.9473051656898168,0.2086419064870071,1.0,0.0,0.0,0.0,0.0,1.0,0
-2.2728481803534293,-0.5374497777984376,0.9704979808637308,-0.1778257252886896,-1.0875021197614503,0.2023181805583551,0.0,0.0,1.0,0.0,0.0,1.0,0
1.3664813267591707,0.14184852361462408,-0.9956902268418067,-0.7747719955783602,-0.8116000511921072,-0.8112963347867491,1.0,0.0,0.0,0.0,0.0,1.0,0
1.0177424863428566,0.18233212368603646,0.493267793839099,1.4310991655892973,-1.614481254090389,-0.1749298820038401,0.0,0.0,1.0,0.0,0.0,1.0,1
-1.141780715195766,0.016508458071200938,-0.10753374426606396,0.2818085486835521,-0.734147746614669,-1.9786656668893567,0.0,1.0,0.0,0.0,1.0,0.0,0
1.2789393014195503,0.4100108397489183,0.5543300046323907,0.5781549168645216,-2.014714480933415,0.9263767478332465,0.0,0.0,1.0,0.0,1.0,0.0,1
5.471163648559851,-0.2750309321010336,0.2306723023806257,-0.1380470752815336,-1.0179887237676812,-0.7706792596721668,0.0,0.0,1.0,0.0,0.0,1.0,0
-0.40664452821574204,0.7475224719465988,1.196339485370247,-0.31867309057680415,1.2004203999102006,-0.03465635141297929,1.0,0.0,0.0,0.0,0.0,1.0,0
-3.8108501483899118,-0.49935022056493394,0.07539954314606226,-0.16958637249729036,0.40358807028110283,-1.426693421297779,0.0,0.0,1.0,0.0,0.0,1.0,0
-1.5430751283181372,-0.5079690091609423,-0.16787406942631122,-1.3827381702986268,0.18746767217252772,-0.5823535994615734,1.0,0.0,0.0,0.0,0.0,1.0,0
-1.3306909022076587,-1.1183221143245161,1.0960642330571804,-0.08792740941989748,-1.0027785562791145,-0.2795911535175272,0.0,1.0,0.0,1.0,0.0,0.0,0
-4.635624879847859,-0.9338633699132423,0.5803959648586033,0.29603307704261733,-1.536084959044724,-0.011290846960830136,0.0,1.0,0.0,0.0,0.0,1.0,1
-4.2364816686942435,1.051562636764073,0.7318133943208879,1.8504632338437539,-1.1391560755342807,0.4797325155225118,1.0,0.0,0.0,0.0,0.0,1.0,1
2.3192754156195066,-0.1611529842586754,-0.6645866722585968,0.0859990650052155,-0.043209826896014984,1.4390750834862203,1.0,0.0,0.0,0.0,1.0,0.0,1
-2.0171820324601857,-0.8163966403414986,-1.045262781398474,-2.334177042210305,0.8681767797266683,0.7327109427693562,1.0,0.0,0.0,0.0,0.0,1.0,0
5.716421783936065,0.7780233000671622,-0.5677221432527015,-0.09398543278462142,0.9023674171353204,0.9621645431462449,1.0,0.0,0.0,0.0,1.0,0.0,1
-3.222058324551648,0.1619433774505783,-0.6208213856805886,2.739504133108306,0.630612362483333,1.4461041099431382,1.0,0.0,0.0,0.0,0.0,1.0,1
-5.040063313190323,-1.4365319657301194,0.7861992686529143,0.8663662349850397,-0.7375568640679442,0.5697078815226975,0.0,0.0,1.0,1.0,0.0,0.0,1
3.185632291092405,-0.5509156279898545,0.9759840502940518,-0.8108889438085887,0.024549832403988035,-0.03670719561899534,0.0,1.0,0.0,0.0,0.0,1.0,0
4.788240245832158,-0.9689957666359769,-0.15513028953240038,0.5911065144305567,-0.3213425300372459,1.0091119062550553,0.0,0.0,1.0,1.0,0.0,0.0,0
-2.7883097919289357,0.46761858294852177,1.4309190188243524,-0.7420134248897403,-0.20118976349475026,1.0730092859616567,0.0,0.0,1.0,0.0,1.0,0.0,1
-3.7436713251502223,-0.6749068781092414,1.3684693937651298,-1.3538075195468575,2.037127896959813,0.6485658379660353,0.0,1.0,0.0,1.0,0.0,0.0,0
-3.9487792087924736,-1.3051596623701691,0.24339891640053923,-0.3483693632340722,-1.7620002370036125,-1.454627597036103,1.0,0.0,0.0,0.0,1.0,0.0,0
0.2766147370465588,-1.3351950324069923,-0.82189177154304,0.09152643923886121,-0.23467681592226086,-0.8414601530946475,0.0,0.0,1.0,1.0,0.0,0.0,0
-0.39688819133934095,0.24518189387614475,1.5753766494355401,-1.8721555024333958,1.2117489071961567,-0.274854104030484,0.0,1.0,0.0,0.0,0.0,1.0,1
-3.0229681274375175,-1.4348296328877312,-0.06101735102840823,-1.1491592905386359,-1.4658914950335382,0.7796210207358992,0.0,1.0,0.0,0.0,1.0,0.0,0
-5.715523177284649,1.0463763394082661,0.1261651964309746,0.010335563182354726,-0.6437474252662504,-0.021346419070559747,0.0,0.0,1.0,0.0,0.0,1.0,1
-0.23258667703500066,-1.0338086422281731,-0.33960502560656863,-0.40817317598895414,-0.5290384975676395,1.1368686334505633,0.0,1.0,0.0,1.0,0.0,0.0,0
5.772140515552721,0.3196990055862894,-0.8897903262971976,0.39481127114609077,-0.2232897220539845,1.3152366287442812,0.0,1.0,0.0,1.0,0.0,0.0,0
1.9166128024638147,-0.16593591596776291,-1.4686394303152919,-1.2146683273085614,-1.5959571596062172,1.1991704686772062,0.0,0.0,1.0,0.0,0.0,1.0,1
-0.05646627473941647,-0.17144543630429243,0.6328683235572881,0.7141137485533007,0.5952860603380394,1.2055405644802868,0.0,1.0,0.0,0.0,0.0,1.0,1
-4.8921876808513485,-1.2846085729198624,-0.7834010538966204,-1.183759097060195,0.6662872825131441,-1.0369939046587182,0.0,0.0,1.0,0.0,1.0,0.0,1
-3.1109773236194185,0.9082567506366469,3.0595312289968235,1.64273430193763,0.5083753250179477,0.4826354994557758,1.0,0.0,0.0,0.0,0.0,1.0,1
-2.5789466093674602,1.1791574542597578,-1.086073582612479,-1.7157582843783166,-0.8703736742910814,-0.6075290409554163,1.0,0.0,0.0,0.0,0.0,1.0,1
3.3276195820614625,-1.4669499978473146,-1.25738247498137,-1.0925542703834126,0.08651079078729512,-1.6490663313591984,0.0,1.0,0.0,0.0,1.0,0.0,0
4.733887492857928,-0.9641874729086468,0.5101387156134412,0.4173708030318292,-0.8994402395690875,-0.2874711320558362,1.0,0.0,0.0,0.0,0.0,1.0,0
5.047180386154042,1.2117125663864365,1.5293134789672953,1.6642332514976381,-0.3325966607715127,1.3247369656272514,0.0,0.0,1.0,0.0,0.0,1.0,1
6.089268719363198,0.14848083840017445,0.06458965694322165,0.31504303611617074,2.153467927170878,0.4607420101184635,1.0,0.0,0.0,0.0,1.0,0.0,0
6.0615985119107,-1.0498812652553697,0.5722424201872743,0.5628579201823911,0.09569537759625597,2.017809371605892,0.0,1.0,0.0,0.0,1.0,0.0,0
5.6925549903457515,-0.8916286421725235,-1.8435474174587096,0.01753690167305848,-1.1875265759871734,0.17723014526811154,1.0,0.0,0.0,1.0,0.0,0.0,0
-5.380641671303764,0.4799587327113425,-0.6775115456917667,-1.0263984541151934,0.18033534066391385,2.4478027535929074,0.0,0.0,1.0,1.0,0.0,0.0,1
-4.5516206664477705,0.6744504667406191,-1.073615729137567,-0.4901383482393793,-1.3517959260633097,0.17752122551705124,1.0,0.0,0.0,0.0,0.0,1.0,1
-2.4571460958151574,0.29828042573980573,-1.895045849947881,-1.2119097199812767,-1.1990103925150117,0.022480296153736364,1.0,0.0,0.0,0.0,0.0,1.0,0
0.6647390654265543,1.3594451397375773,0.11698023402388695,-1.2787099677768716,-1.041123135948791,-1.2793900879214963,1.0,0.0,0.0,0.0,1.0,0.0,1
-5.064525216308457,-0.01780918901466888,-2.2428276216104335,0.40174891931974643,-0.4443094521956835,1.1105627402927678,0.0,1.0,0.0,0.0,1.0,0.0,0
4.345412729059642,-0.5991842635724199,-1.3221959660874487,-1.1231779820879617,0.9369689955892015,-0.5021251289404789,0.0,0.0,1.0,1.0,0.0,0.0,0
1.467201417801954,-0.06830127007261055,-0.537193794013418,0.3195540067233614,0.5783981980168391,-0.647047639408727,0.0,0.0,1.0,1.0,0.0,0.0,1
0.5323667801853184,-0.4210011190001671,-0.8312858359510763,-1.3018227522210977,0.5229953282473283,1.281230563762572,1.0,0.0,0.0,0.0,0.0,1.0,0
-4.2058219509960315,-0.8267523219759411,0.3964085022070677,0.29638302011675466,-1.0989245655905424,1.1582226687959571,0.0,1.0,0.0,0.0,1.0,0.0,1
-3.1006831557513546,-1.3621102519795798,0.30558019190248,-0.4886825689629625,-0.5413143554356487,1.132051367210679,1.0,0.0,0.0,1.0,0.0,0.0,0
-4.268644987314125,-0.44336251930462744,0.8937987459354568,1.4066155336506445,0.27200110688318835,-0.36219113405498116,0.0,1.0,0.0,0.0,1.0,0.0,1
4.422522492331187,0.6342280431292269,0.7523837327126781,0.32371889557906497,-0.6283199853884129,-0.05097586530525164,0.0,1.0,0.0,0.0,1.0,0.0,0
1.0584385055836487,-1.4446865913744187,1.1408127893613809,1.2357828929941415,-0.2783664403010984,-0.059854397695851456,1.0,0.0,0.0,0.0,0.0,1.0,1
2.954723528553816,-0.18246446038219588,-0.0019184000090541567,-0.7556467164251925,0.4413586925299495,0.7825181806723981,0.0,1.0,0.0,0.0,0.0,1.0,0
-2.5631266378224216,0.4320282043496052,0.3034669008166697,0.056143340244167284,-0.348772681201302,1.55356466849423,0.0,0.0,1.0,0.0,1.0,0.0,0
-1.6178870779701098,0.3312123275229216,0.5115137019191913,-0.9810871581162783,0.22605958910202525,0.36814655519840694,1.0,0.0,0.0,0.0,1.0,0.0,0
-1.1956277791325638,0.8299453076661477,0.1416566973910257,-0.4136052427444181,1.5927284560195685,1.9748910853573585,1.0,0.0,0.0,0.0,1.0,0.0,0
3.26744450021767,0.9315591469793926,-0.3971943099170739,-0.2621042227446291,-0.17185879898699755,0.8971944180330614,1.0,0.0,0.0,0.0,1.0,0.0,1
3.422488581046618,0.6351174627581635,-0.3324425343397702,-0.7258582206871392,1.1793378097192062,-0.23479939411441825,1.0,0.0,0.0,0.0,1.0,0.0,1
-3.684289872375296,-1.1916069115657517,-0.8175583983299655,-1.215502858845695,0.5593700673073582,0.8287114061289749,1.0,0.0,0.0,1.0,0.0,0.0,0
5.548540914411392,-0.074932667986918,0.4216168299098296,-1.4135173236526528,-1.4672419934867666,1.7059402787087732,0.0,1.0,0.0,0.0,0.0,1.0,0
-4.766985620261655,0.31021787246282584,-0.09401517408515554,-2.339748115707397,-1.1021370292635242,1.9982889833413344,1.0,0.0,0.0,0.0,1.0,0.0,1
4.97781689626707,-0.7633018835716452,-0.6631737506367649,-1.0563464635034578,-0.8335958830698964,1.1868913445990807,0.0,1.0,0.0,0.0,1.0,0.0,0
-5.021576415876207,-1.3723445470596705,-0.6622448193245927,0.6274938966718445,-0.8548349169327834,0.025674453657999224,0.0,0.0,1.0,1.0,0.0,0.0,1
-2.9588799979996256,-0.8292290373718593,-1.2103987277827886,-1.598498532013283,-0.0902897461068142,-0.21669325405592046,0.0,0.0,1.0,0.0,0.0,1.0,0
4.353977694150559,-0.13531679480208347,0.9788413412371997,-1.368122846253305,0.6146440480818223,0.5760695035613909,0.0,1.0,0.0,1.0,0.0,0.0,0
-4.027621403739283,-0.2582090428361974,0.07861766953178756,1.790898571232915,1.2551584167047227,1.6739744952710462,1.0,0.0,0.0,0.0,1.0,0.0,0
-1.0861374081246686,-0.9699990560185151,-0.8628000195732701,-0.636496049848254,0.30817508872508226,0.4337691222144516,1.0,0.0,0.0,0.0,0.0,1.0,0
-0.6300866197655297,0.9732466280504785,0.8085477496020183,0.3210460091648358,-0.4456795560532098,0.4545318718688109,1.0,0.0,0.0,0.0,1.0,0.0,1
-3.2011701556728154,1.2770600062101738,-0.560448809794373,0.6423171465004947,-2.0822412436298743,0.05139785431709231,0.0,0.0,1.0,0.0,0.0,1.0,1
2.642019119878569,-0.8959550428418543,-1.4065006270122327,0.6625261297812802,0.07058957541733794,-0.3278910626312124,0.0,0.0,1.0,1.0,0.0,0.0,0
4.415001414054037,1.288718746701665,1.021222289219133,-1.5223142306080597,0.025770193694991287,-0.1621345066439178,1.0,0.0,0.0,0.0,0.0,1.0,1
4.707050030350534,-1.4464171224744575,-0.5370969895661131,-0.23105967989949022,0.18292875353895768,0.13542598524553,1.0,0.0,0.0,0.0,0.0,1.0,0
-2.0191374661943664,1.2748874181208363,-0.4088990902087895,-1.6182272695183921,2.1062402977033328,1.7180999962398222,0.0,1.0,0.0,0.0,1.0,0.0,1
0.3876774882197855,1.3557863702427237,0.04118002034917748,2.4463178589103234,1.2405965461930721,-0.23971377853080178,1.0,0.0,0.0,0.0,1.0,0.0,1
-3.1616183732236265,-1.4638444109522244,1.1425892227901149,-1.5948752640156,0.7850609182499858,0.05261207591138063,0.0,0.0,1.0,0.0,1.0,0.0,0
-3.2069817436019092,0.7890578903302442,0.020037290866311695,-1.0478402188698202,-0.9620771300715998,-0.8653776604065087,1.0,0.0,0.0,0.0,0.0,1.0,1
-4.25680699031114,1.4106047177095302,-1.1991171261452302,-1.0406008548415047,-0.5129947491967435,0.7166310664731552,1.0,0.0,0.0,0.0,0.0,1.0,1
5.529441967170944,1.217706656453335,0.5438770041121802,-1.4966604767228804,-0.09484460692850216,1.3666791787182826,0.0,1.0,0.0,0.0,0.0,1.0,1
4.875611414488797,1.412130483588639,-0.48498972426172404,1.3525939097565454,-0.7754071240103536,1.6244978459567558,1.0,0.0,0.0,0.0,0.0,1.0,1
3.4853923847975814,0.15097051709291798,1.8879239715294662,2.422447901083496,0.5004645249851181,0.20336452469571042,1.0,0.0,0.0,0.0,1.0,0.0,0
0.22194122211499692,-1.2655315803438352,-0.0011197219978901704,-0.4757491193126174,0.35690884921570454,0.5743542832792355,0.0,0.0,1.0,0.0,1.0,0.0,0
-0.11802441451919177,1.0493675934151083,-2.235035497898666,-1.32042314684441,-1.0883077930546925,-0.15355032217003803,1.0,0.0,0.0,0.0,1.0,0.0,1
0.3737950654202798,0.3414847674270347,0.357364972155674,-2.236925498726021,1.1968167090961244,0.5280186796945225,0.0,1.0,0.0,0.0,0.0,1.0,1
0.4595272112406219,0.34421023256486716,1.9445977922602284,-0.24410871852210148,0.1023103338088603,0.3139651524992144,0.0,1.0,0.0,0.0,0.0,1.0,1
-0.8223045295492541,-0.2482391704239414,1.5759202885453896,-0.31636542316144384,-1.7290711467422513,0.05826438725148733,1.0,0.0,0.0,0.0,1.0,0.0,0
-4.6275052468249065,0.2155259295633274,1.8309542887565653,-0.6512961263601446,-0.051342858344969454,0.13775369227712947,1.0,0.0,0.0,1.0,0.0,0.0,1
-4.704046759205261,-1.0392606627416563,-1.0197601853814635,0.2213752539762284,0.28120645592290483,0.45192228339364876,1.0,0.0,0.0,0.0,1.0,0.0,0
5.683137539555481,0.719310079698451,0.9121523959767788,0.3951731428154863,0.9727923614357405,-0.29415243484556425,1.0,0.0,0.0,0.0,0.0,1.0,0
-0.22580813469643965,-1.274948077945373,-0.7219945397367117,0.32308325793790066,-0.3374764031266163,-0.2424967920780333,1.0,0.0,0.0,0.0,0.0,1.0,0
5.69514859043379,0.6893423011313761,0.2242893994169245,-0.3161248719684872,0.8279382674472072,1.7073620136715535,0.0,0.0,1.0,1.0,0.0,0.0,1
-4.227617637934636,1.046935267874562,-1.2729524287397325,-1.101621829574262,0.1871419867702157,2.710546768846383,0.0,1.0,0.0,1.0,0.0,0.0,1
0.6838185604893678,-0.08259396730653545,-0.6444557648827163,0.6658330978067158,-1.3150546090375794,-1.2043669485340438,0.0,0.0,1.0,0.0,1.0,0.0,1
-3.6729333185674045,0.029491098171148034,-0.6762466973636153,0.012513759421530454,-1.4151667734825137,-1.2594712043760588,0.0,1.0,0.0,1.0,0.0,0.0,1
-3.101573712742159,-0.5633571812337652,0.8985552801426162,0.8883575248346502,1.1225598701493487,-0.9571528278081498,0.0,1.0,0.0,0.0,0.0,1.0,0
-5.905508331808166,1.4083757511767627,0.8007191216696554,0.7900755494722314,1.195984178381769,-0.10328841503855507,0.0,1.0,0.0,0.0,1.0,0.0,1
-4.788373918613059,0.699373423678636,0.2768197293308208,-1.4217620690471156,0.32290923040472297,0.895780511037257,1.0,0.0,0.0,0.0,1.0,0.0,1
5.238271580273939,-0.3930343400989651,-1.3504214180553855,-1.4342222074576032,1.4957067211800286,0.591252942048272,1.0,0.0,0.0,1.0,0.0,0.0,0
-2.2426825714690146,-0.9755778413009848,-0.31163943394972,-0.7555407187405284,1.0566098490416067,0.17203113678046833,0.0,1.0,0.0,0.0,1.0,0.0,0
1.3587917511573393,-0.841261223393726,-0.746116482942726,-1.056265408290668,0.6836287294797211,0.5289355469578989,0.0,0.0,1.0,0.0,0.0,1.0,0
-0.43964538368784845,-0.10823314166984987,0.869675756694491,0.7552517759761007,-0.9113114887336718,-0.6920861566283695,0.0,1.0,0.0,0.0,1.0,0.0,0
-1.2509665464457826,1.3277052009430137,1.1781848528171845,0.35130967598791774,1.7314287510323434,-0.2441227717526189,1.0,0.0,0.0,1.0,0.0,0.0,1
0.4006924412980028,0.7024390372827543,1.056385586030883,1.0991839937853107,0.536301432208273,-0.020094548375796818,0.0,0.0,1.0,1.0,0.0,0.0,1
-3.930271335701734,-0.8542687554625505,-0.7552194194170205,0.3964868174109183,-0.38583877461162164,-1.5842163388718526,1.0,0.0,0.0,0.0,0.0,1.0,1
6.1399776724177375,1.0786834002566943,-2.739533122289479,0.20864958187336902,-0.668270005305298,-1.161310204722596,0.0,0.0,1.0,0.0,0.0,1.0,1
3.999974647599521,-0.3653984309709567,-1.7669618981300543,1.1997297803441704,0.2567837815138569,-1.121566061277659,0.0,0.0,1.0,1.0,0.0,0.0,0
3.0362190207564974,1.055166548257556,1.4216269780822084,0.4697273397350485,-1.6710590848384548,0.7641082236837743,0.0,0.0,1.0,0.0,1.0,0.0,1
-0.39258225197579055,-0.7749012060566072,-0.4012549393198239,0.0681009634377188,0.6996732753528626,0.24535494857241638,0.0,0.0,1.0,1.0,0.0,0.0,0
-4.362074732083399,0.3559818358089528,-0.7507246182651125,1.4804530339306854,-0.9535708146940268,0.611061200073943,1.0,0.0,0.0,0.0,1.0,0.0,1
5.2862430798731435,1.2800114642438458,1.642660293436234,0.11518088315279006,0.37060810882428674,-1.8396549898024643,0.0,1.0,0.0,1.0,0.0,0.0,1
-1.9931888955115893,-0.7263179725566176,1.2651599454883269,-0.30434060491792164,-0.5216203373581595,-1.4835666860516032,0.0,0.0,1.0,0.0,0.0,1.0,0
-5.653526074189224,0.5787797717575648,0.02444872191978665,-0.8378232587776496,-0.26441871272470363,0.6632154402564954,0.0,1.0,0.0,0.0,0.0,1.0,1
-1.980413804657967,1.4619378598714314,-0.2934030910639739,0.7030254590454112,-0.7569098727650648,-2.778669641666051,1.0,0.0,0.0,1.0,0.0,0.0,1
3.700256175214944,-1.0482051382709896,-0.13210121281312523,1.2370505418424689,-0.16122943118080152,1.2246293575998046,1.0,0.0,0.0,0.0,1.0,0.0,0
1.5420035671447125,-1.234793127897977,0.22716279838746606,-0.05058740143343007,1.889379546017354,-1.82331714352279,1.0,0.0,0.0,1.0,0.0,0.0,1
3.1521306202852473,0.5225855773344485,1.600047281319608,1.3079156237798386,1.3850596270486406,0.8433448919249784,0.0,1.0,0.0,0.0,1.0,0.0,1
3.6899310591042553,-0.4807921567529089,0.4224674242372267,-1.970015031971576,0.3544789549954567,-0.8885846247569626,0.0,1.0,0.0,1.0,0.0,0.0,0
-3.619685110919129,-1.2862665679002268,0.7260290330391413,-0.0554533748079148,-0.025294265564952366,1.0489037151715825,0.0,0.0,1.0,1.0,0.0,0.0,0
5.325418210209024,-0.07408314634918756,1.1692701090701714,-0.04009491210443619,0.844201190692885,3.208160913916495,0.0,0.0,1.0,0.0,0.0,1.0,0
-0.7792456316461738,0.7613120389318672,-1.169676001024419,-0.726994372407347,1.1299703941075565,-2.2731776301211255,0.0,1.0,0.0,1.0,0.0,0.0,1
1.7468970371080306,-0.6446327987544337,0.7548618924740429,2.383861037981873,-0.8298183822075292,0.6953771478606484,1.0,0.0,0.0,0.0,0.0,1.0,0
-6.254172415190314,-0.4948593674845958,-0.29456875466161137,-0.06619263268876116,-0.0774388676322022,-1.8081627135937397,0.0,1.0,0.0,1.0,0.0,0.0,0
6.199851400484738,1.0370982019409163,-2.516095195772766,-0.4077307716044333,-1.8219582295680803,0.4267689222175041,1.0,0.0,0.0,0.0,1.0,0.0,1
-2.753337216919935,0.060215736784464235,-2.128169541985812,0.02596211343350502,1.123102110260895,-0.20677216355189393,1.0,0.0,0.0,0.0,1.0,0.0,1
